{
  "fio version" : "fio-3.42-29-gd569",
  "timestamp" : 1779699545,
  "timestamp_ms" : 1779699545388,
  "time" : "Mon May 25 17:59:05 2026",
  "jobs" : [
    {
      "jobname" : "rand_read_async_qd16",
      "groupid" : 0,
      "job_start" : 1779699542992,
      "error" : 0,
      "eta" : 0,
      "elapsed" : 3,
      "job options" : {
        "name" : "rand_read_async_qd16",
        "rw" : "randread",
        "ioengine" : "io_uring",
        "iodepth" : "16",
        "direct" : "1",
        "bs" : "4k",
        "size" : "2G",
        "filename" : "testfile.img"
      },
      "read" : {
        "io_bytes" : 2147483648,
        "io_kbytes" : 2097152,
        "bw_bytes" : 938585510,
        "bw" : 916587,
        "iops" : 229146.853147,
        "runtime" : 2288,
        "total_ios" : 524288,
        "short_ios" : 0,
        "drop_ios" : 0,
        "slat_ns" : {
          "min" : 2150,
          "max" : 892198,
          "mean" : 3733.292080,
          "stddev" : 2322.313003,
          "N" : 524288
        },
        "clat_ns" : {
          "min" : 11750,
          "max" : 478925,
          "mean" : 65653.673635,
          "stddev" : 14955.762943,
          "N" : 524288,
          "percentile" : {
            "1.000000" : 45824,
            "5.000000" : 49920,
            "10.000000" : 51968,
            "20.000000" : 55552,
            "30.000000" : 58112,
            "40.000000" : 60672,
            "50.000000" : 63744,
            "60.000000" : 67072,
            "70.000000" : 69120,
            "80.000000" : 73216,
            "90.000000" : 79360,
            "95.000000" : 87552,
            "99.000000" : 118272,
            "99.500000" : 134144,
            "99.900000" : 201728,
            "99.950000" : 244736,
            "99.990000" : 350208
          }
        },
        "lat_ns" : {
          "min" : 36115,
          "max" : 981515,
          "mean" : 69386.965715,
          "stddev" : 15121.646351,
          "N" : 524288
        },
        "bw_min" : 840328,
        "bw_max" : 947280,
        "bw_agg" : 99.756770,
        "bw_mean" : 914358.000000,
        "bw_dev" : 50198.406296,
        "bw_samples" : 4,
        "iops_min" : 210082,
        "iops_max" : 236820,
        "iops_mean" : 228589.500000,
        "iops_stddev" : 12549.601574,
        "iops_samples" : 4
      },
      "write" : {
        "io_bytes" : 0,
        "io_kbytes" : 0,
        "bw_bytes" : 0,
        "bw" : 0,
        "iops" : 0.000000,
        "runtime" : 0,
        "total_ios" : 0,
        "short_ios" : 0,
        "drop_ios" : 0,
        "slat_ns" : {
          "min" : 0,
          "max" : 0,
          "mean" : 0.000000,
          "stddev" : 0.000000,
          "N" : 0
        },
        "clat_ns" : {
          "min" : 0,
          "max" : 0,
          "mean" : 0.000000,
          "stddev" : 0.000000,
          "N" : 0
        },
        "lat_ns" : {
          "min" : 0,
          "max" : 0,
          "mean" : 0.000000,
          "stddev" : 0.000000,
          "N" : 0
        },
        "bw_min" : 0,
        "bw_max" : 0,
        "bw_agg" : 0.000000,
        "bw_mean" : 0.000000,
        "bw_dev" : 0.000000,
        "bw_samples" : 0,
        "iops_min" : 0,
        "iops_max" : 0,
        "iops_mean" : 0.000000,
        "iops_stddev" : 0.000000,
        "iops_samples" : 0
      },
      "trim" : {
        "io_bytes" : 0,
        "io_kbytes" : 0,
        "bw_bytes" : 0,
        "bw" : 0,
        "iops" : 0.000000,
        "runtime" : 0,
        "total_ios" : 0,
        "short_ios" : 0,
        "drop_ios" : 0,
        "slat_ns" : {
          "min" : 0,
          "max" : 0,
          "mean" : 0.000000,
          "stddev" : 0.000000,
          "N" : 0
        },
        "clat_ns" : {
          "min" : 0,
          "max" : 0,
          "mean" : 0.000000,
          "stddev" : 0.000000,
          "N" : 0
        },
        "lat_ns" : {
          "min" : 0,
          "max" : 0,
          "mean" : 0.000000,
          "stddev" : 0.000000,
          "N" : 0
        },
        "bw_min" : 0,
        "bw_max" : 0,
        "bw_agg" : 0.000000,
        "bw_mean" : 0.000000,
        "bw_dev" : 0.000000,
        "bw_samples" : 0,
        "iops_min" : 0,
        "iops_max" : 0,
        "iops_mean" : 0.000000,
        "iops_stddev" : 0.000000,
        "iops_samples" : 0
      },
      "sync" : {
        "total_ios" : 0,
        "lat_ns" : {
          "min" : 0,
          "max" : 0,
          "mean" : 0.000000,
          "stddev" : 0.000000,
          "N" : 0
        }
      },
      "job_runtime" : 2287,
      "usr_cpu" : 26.235243,
      "sys_cpu" : 72.234368,
      "ctx" : 4850,
      "majf" : 0,
      "minf" : 22,
      "iodepth_level" : {
        "1" : 0.100000,
        "2" : 0.100000,
        "4" : 0.100000,
        "8" : 0.100000,
        "16" : 99.997139,
        "32" : 0.000000,
        ">=64" : 0.000000
      },
      "iodepth_submit" : {
        "0" : 0.000000,
        "4" : 100.000000,
        "8" : 0.000000,
        "16" : 0.000000,
        "32" : 0.000000,
        "64" : 0.000000,
        ">=64" : 0.000000
      },
      "iodepth_complete" : {
        "0" : 0.000000,
        "4" : 99.999809,
        "8" : 0.000000,
        "16" : 0.100000,
        "32" : 0.000000,
        "64" : 0.000000,
        ">=64" : 0.000000
      },
      "latency_ns" : {
        "2" : 0.000000,
        "4" : 0.000000,
        "10" : 0.000000,
        "20" : 0.000000,
        "50" : 0.000000,
        "100" : 0.000000,
        "250" : 0.000000,
        "500" : 0.000000,
        "750" : 0.000000,
        "1000" : 0.000000
      },
      "latency_us" : {
        "2" : 0.000000,
        "4" : 0.000000,
        "10" : 0.000000,
        "20" : 0.010000,
        "50" : 5.395508,
        "100" : 92.123985,
        "250" : 2.434349,
        "500" : 0.045967,
        "750" : 0.000000,
        "1000" : 0.000000
      },
      "latency_ms" : {
        "2" : 0.000000,
        "4" : 0.000000,
        "10" : 0.000000,
        "20" : 0.000000,
        "50" : 0.000000,
        "100" : 0.000000,
        "250" : 0.000000,
        "500" : 0.000000,
        "750" : 0.000000,
        "1000" : 0.000000,
        "2000" : 0.000000,
        ">=2000" : 0.000000
      },
      "latency_depth" : 16,
      "latency_target" : 0,
      "latency_target_ns" : 0,
      "latency_percentile" : 100.000000,
      "latency_window" : 0,
      "latency_window_us" : 0
    }
  ],
  "disk_util" : [
    {
      "name" : "nvme0n1",
      "read_ios" : 491496,
      "write_ios" : 89,
      "read_sectors" : 3941144,
      "write_sectors" : 1352,
      "read_merges" : 505,
      "write_merges" : 91,
      "read_ticks" : 24322,
      "write_ticks" : 26,
      "in_queue" : 24367,
      "util" : 75.912734
    }
  ]
}
