{
  "fio version" : "fio-3.42-29-gd569",
  "timestamp" : 1779699923,
  "timestamp_ms" : 1779699923518,
  "time" : "Mon May 25 18:05:23 2026",
  "jobs" : [
    {
      "jobname" : "rand_write_async_qd128",
      "groupid" : 0,
      "job_start" : 1779699920872,
      "error" : 0,
      "eta" : 0,
      "elapsed" : 3,
      "job options" : {
        "name" : "rand_write_async_qd128",
        "rw" : "randwrite",
        "ioengine" : "io_uring",
        "iodepth" : "128",
        "direct" : "1",
        "bs" : "4k",
        "size" : "2G",
        "filename" : "testfile.img"
      },
      "read" : {
        "io_bytes" : 0,
        "io_kbytes" : 0,
        "bw_bytes" : 0,
        "bw" : 0,
        "iops" : 0.000000,
        "runtime" : 0,
        "total_ios" : 0,
        "short_ios" : 0,
        "drop_ios" : 0,
        "slat_ns" : {
          "min" : 0,
          "max" : 0,
          "mean" : 0.000000,
          "stddev" : 0.000000,
          "N" : 0
        },
        "clat_ns" : {
          "min" : 0,
          "max" : 0,
          "mean" : 0.000000,
          "stddev" : 0.000000,
          "N" : 0
        },
        "lat_ns" : {
          "min" : 0,
          "max" : 0,
          "mean" : 0.000000,
          "stddev" : 0.000000,
          "N" : 0
        },
        "bw_min" : 0,
        "bw_max" : 0,
        "bw_agg" : 0.000000,
        "bw_mean" : 0.000000,
        "bw_dev" : 0.000000,
        "bw_samples" : 0,
        "iops_min" : 0,
        "iops_max" : 0,
        "iops_mean" : 0.000000,
        "iops_stddev" : 0.000000,
        "iops_samples" : 0
      },
      "write" : {
        "io_bytes" : 2147483648,
        "io_kbytes" : 2097152,
        "bw_bytes" : 816844293,
        "bw" : 797699,
        "iops" : 199424.876379,
        "runtime" : 2629,
        "total_ios" : 524288,
        "short_ios" : 0,
        "drop_ios" : 0,
        "slat_ns" : {
          "min" : 952,
          "max" : 1318224,
          "mean" : 4319.693935,
          "stddev" : 10001.127381,
          "N" : 524288
        },
        "clat_ns" : {
          "min" : 28642,
          "max" : 6807740,
          "mean" : 636636.538698,
          "stddev" : 296761.179816,
          "N" : 524288,
          "percentile" : {
            "1.000000" : 415744,
            "5.000000" : 448512,
            "10.000000" : 481280,
            "20.000000" : 518144,
            "30.000000" : 544768,
            "40.000000" : 577536,
            "50.000000" : 602112,
            "60.000000" : 634880,
            "70.000000" : 667648,
            "80.000000" : 708608,
            "90.000000" : 765952,
            "95.000000" : 823296,
            "99.000000" : 1028096,
            "99.500000" : 3489792,
            "99.900000" : 4423680,
            "99.950000" : 5079040,
            "99.990000" : 6651904
          }
        },
        "lat_ns" : {
          "min" : 31134,
          "max" : 6810160,
          "mean" : 640956.232634,
          "stddev" : 296797.642942,
          "N" : 524288
        },
        "bw_min" : 790912,
        "bw_max" : 807800,
        "bw_agg" : 99.903785,
        "bw_mean" : 796932.800000,
        "bw_dev" : 6481.507479,
        "bw_samples" : 5,
        "iops_min" : 197728,
        "iops_max" : 201950,
        "iops_mean" : 199233.200000,
        "iops_stddev" : 1620.376870,
        "iops_samples" : 5
      },
      "trim" : {
        "io_bytes" : 0,
        "io_kbytes" : 0,
        "bw_bytes" : 0,
        "bw" : 0,
        "iops" : 0.000000,
        "runtime" : 0,
        "total_ios" : 0,
        "short_ios" : 0,
        "drop_ios" : 0,
        "slat_ns" : {
          "min" : 0,
          "max" : 0,
          "mean" : 0.000000,
          "stddev" : 0.000000,
          "N" : 0
        },
        "clat_ns" : {
          "min" : 0,
          "max" : 0,
          "mean" : 0.000000,
          "stddev" : 0.000000,
          "N" : 0
        },
        "lat_ns" : {
          "min" : 0,
          "max" : 0,
          "mean" : 0.000000,
          "stddev" : 0.000000,
          "N" : 0
        },
        "bw_min" : 0,
        "bw_max" : 0,
        "bw_agg" : 0.000000,
        "bw_mean" : 0.000000,
        "bw_dev" : 0.000000,
        "bw_samples" : 0,
        "iops_min" : 0,
        "iops_max" : 0,
        "iops_mean" : 0.000000,
        "iops_stddev" : 0.000000,
        "iops_samples" : 0
      },
      "sync" : {
        "total_ios" : 0,
        "lat_ns" : {
          "min" : 0,
          "max" : 0,
          "mean" : 0.000000,
          "stddev" : 0.000000,
          "N" : 0
        }
      },
      "job_runtime" : 2628,
      "usr_cpu" : 23.021309,
      "sys_cpu" : 72.945205,
      "ctx" : 358,
      "majf" : 0,
      "minf" : 6,
      "iodepth_level" : {
        "1" : 0.100000,
        "2" : 0.100000,
        "4" : 0.100000,
        "8" : 0.100000,
        "16" : 0.100000,
        "32" : 0.100000,
        ">=64" : 99.987984
      },
      "iodepth_submit" : {
        "0" : 0.000000,
        "4" : 100.000000,
        "8" : 0.000000,
        "16" : 0.000000,
        "32" : 0.000000,
        "64" : 0.000000,
        ">=64" : 0.000000
      },
      "iodepth_complete" : {
        "0" : 0.000000,
        "4" : 99.999809,
        "8" : 0.000000,
        "16" : 0.000000,
        "32" : 0.000000,
        "64" : 0.000000,
        ">=64" : 0.100000
      },
      "latency_ns" : {
        "2" : 0.000000,
        "4" : 0.000000,
        "10" : 0.000000,
        "20" : 0.000000,
        "50" : 0.000000,
        "100" : 0.000000,
        "250" : 0.000000,
        "500" : 0.000000,
        "750" : 0.000000,
        "1000" : 0.000000
      },
      "latency_us" : {
        "2" : 0.000000,
        "4" : 0.000000,
        "10" : 0.000000,
        "20" : 0.000000,
        "50" : 0.010000,
        "100" : 0.010000,
        "250" : 0.010000,
        "500" : 15.028000,
        "750" : 72.565842,
        "1000" : 11.305618
      },
      "latency_ms" : {
        "2" : 0.466537,
        "4" : 0.366402,
        "10" : 0.261688,
        "20" : 0.000000,
        "50" : 0.000000,
        "100" : 0.000000,
        "250" : 0.000000,
        "500" : 0.000000,
        "750" : 0.000000,
        "1000" : 0.000000,
        "2000" : 0.000000,
        ">=2000" : 0.000000
      },
      "latency_depth" : 128,
      "latency_target" : 0,
      "latency_target_ns" : 0,
      "latency_percentile" : 100.000000,
      "latency_window" : 0,
      "latency_window_us" : 0
    }
  ],
  "disk_util" : [
    {
      "name" : "nvme0n1",
      "read_ios" : 63,
      "write_ios" : 476836,
      "read_sectors" : 3160,
      "write_sectors" : 3814976,
      "read_merges" : 85,
      "write_merges" : 29,
      "read_ticks" : 23,
      "write_ticks" : 136104,
      "in_queue" : 136138,
      "util" : 36.112224
    }
  ]
}
