{
  "fio version" : "fio-3.42-29-gd569",
  "timestamp" : 1779699631,
  "timestamp_ms" : 1779699631082,
  "time" : "Mon May 25 18:00:31 2026",
  "jobs" : [
    {
      "jobname" : "rand_write_async_qd32",
      "groupid" : 0,
      "job_start" : 1779699626685,
      "error" : 0,
      "eta" : 0,
      "elapsed" : 5,
      "job options" : {
        "name" : "rand_write_async_qd32",
        "rw" : "randwrite",
        "ioengine" : "io_uring",
        "iodepth" : "32",
        "direct" : "1",
        "bs" : "4k",
        "size" : "2G",
        "filename" : "testfile.img"
      },
      "read" : {
        "io_bytes" : 0,
        "io_kbytes" : 0,
        "bw_bytes" : 0,
        "bw" : 0,
        "iops" : 0.000000,
        "runtime" : 0,
        "total_ios" : 0,
        "short_ios" : 0,
        "drop_ios" : 0,
        "slat_ns" : {
          "min" : 0,
          "max" : 0,
          "mean" : 0.000000,
          "stddev" : 0.000000,
          "N" : 0
        },
        "clat_ns" : {
          "min" : 0,
          "max" : 0,
          "mean" : 0.000000,
          "stddev" : 0.000000,
          "N" : 0
        },
        "lat_ns" : {
          "min" : 0,
          "max" : 0,
          "mean" : 0.000000,
          "stddev" : 0.000000,
          "N" : 0
        },
        "bw_min" : 0,
        "bw_max" : 0,
        "bw_agg" : 0.000000,
        "bw_mean" : 0.000000,
        "bw_dev" : 0.000000,
        "bw_samples" : 0,
        "iops_min" : 0,
        "iops_max" : 0,
        "iops_mean" : 0.000000,
        "iops_stddev" : 0.000000,
        "iops_samples" : 0
      },
      "write" : {
        "io_bytes" : 2147483648,
        "io_kbytes" : 2097152,
        "bw_bytes" : 507799396,
        "bw" : 495897,
        "iops" : 123974.462048,
        "runtime" : 4229,
        "total_ios" : 524288,
        "short_ios" : 0,
        "drop_ios" : 0,
        "slat_ns" : {
          "min" : 984,
          "max" : 1238534,
          "mean" : 4379.641912,
          "stddev" : 9643.181703,
          "N" : 524288
        },
        "clat_ns" : {
          "min" : 72860,
          "max" : 4926264,
          "mean" : 253272.867252,
          "stddev" : 133965.866431,
          "N" : 524288,
          "percentile" : {
            "1.000000" : 99840,
            "5.000000" : 119296,
            "10.000000" : 148480,
            "20.000000" : 183296,
            "30.000000" : 199680,
            "40.000000" : 218112,
            "50.000000" : 238592,
            "60.000000" : 259072,
            "70.000000" : 280576,
            "80.000000" : 313344,
            "90.000000" : 366592,
            "95.000000" : 407552,
            "99.000000" : 509952,
            "99.500000" : 561152,
            "99.900000" : 2113536,
            "99.950000" : 2670592,
            "99.990000" : 4620288
          }
        },
        "lat_ns" : {
          "min" : 86205,
          "max" : 4928770,
          "mean" : 257652.509165,
          "stddev" : 133550.078882,
          "N" : 524288
        },
        "bw_min" : 472752,
        "bw_max" : 520408,
        "bw_agg" : 100.000000,
        "bw_mean" : 496924.000000,
        "bw_dev" : 13365.262266,
        "bw_samples" : 8,
        "iops_min" : 118188,
        "iops_max" : 130102,
        "iops_mean" : 124231.000000,
        "iops_stddev" : 3341.315566,
        "iops_samples" : 8
      },
      "trim" : {
        "io_bytes" : 0,
        "io_kbytes" : 0,
        "bw_bytes" : 0,
        "bw" : 0,
        "iops" : 0.000000,
        "runtime" : 0,
        "total_ios" : 0,
        "short_ios" : 0,
        "drop_ios" : 0,
        "slat_ns" : {
          "min" : 0,
          "max" : 0,
          "mean" : 0.000000,
          "stddev" : 0.000000,
          "N" : 0
        },
        "clat_ns" : {
          "min" : 0,
          "max" : 0,
          "mean" : 0.000000,
          "stddev" : 0.000000,
          "N" : 0
        },
        "lat_ns" : {
          "min" : 0,
          "max" : 0,
          "mean" : 0.000000,
          "stddev" : 0.000000,
          "N" : 0
        },
        "bw_min" : 0,
        "bw_max" : 0,
        "bw_agg" : 0.000000,
        "bw_mean" : 0.000000,
        "bw_dev" : 0.000000,
        "bw_samples" : 0,
        "iops_min" : 0,
        "iops_max" : 0,
        "iops_mean" : 0.000000,
        "iops_stddev" : 0.000000,
        "iops_samples" : 0
      },
      "sync" : {
        "total_ios" : 0,
        "lat_ns" : {
          "min" : 0,
          "max" : 0,
          "mean" : 0.000000,
          "stddev" : 0.000000,
          "N" : 0
        }
      },
      "job_runtime" : 4228,
      "usr_cpu" : 15.018921,
      "sys_cpu" : 51.348155,
      "ctx" : 23207,
      "majf" : 0,
      "minf" : 5,
      "iodepth_level" : {
        "1" : 0.100000,
        "2" : 0.100000,
        "4" : 0.100000,
        "8" : 0.100000,
        "16" : 0.100000,
        "32" : 99.994087,
        ">=64" : 0.000000
      },
      "iodepth_submit" : {
        "0" : 0.000000,
        "4" : 100.000000,
        "8" : 0.000000,
        "16" : 0.000000,
        "32" : 0.000000,
        "64" : 0.000000,
        ">=64" : 0.000000
      },
      "iodepth_complete" : {
        "0" : 0.000000,
        "4" : 99.999809,
        "8" : 0.000000,
        "16" : 0.000000,
        "32" : 0.100000,
        "64" : 0.000000,
        ">=64" : 0.000000
      },
      "latency_ns" : {
        "2" : 0.000000,
        "4" : 0.000000,
        "10" : 0.000000,
        "20" : 0.000000,
        "50" : 0.000000,
        "100" : 0.000000,
        "250" : 0.000000,
        "500" : 0.000000,
        "750" : 0.000000,
        "1000" : 0.000000
      },
      "latency_us" : {
        "2" : 0.000000,
        "4" : 0.000000,
        "10" : 0.000000,
        "20" : 0.000000,
        "50" : 0.000000,
        "100" : 1.113510,
        "250" : 54.392433,
        "500" : 43.355179,
        "750" : 0.985909,
        "1000" : 0.010000
      },
      "latency_ms" : {
        "2" : 0.042725,
        "4" : 0.083733,
        "10" : 0.020027,
        "20" : 0.000000,
        "50" : 0.000000,
        "100" : 0.000000,
        "250" : 0.000000,
        "500" : 0.000000,
        "750" : 0.000000,
        "1000" : 0.000000,
        "2000" : 0.000000,
        ">=2000" : 0.000000
      },
      "latency_depth" : 32,
      "latency_target" : 0,
      "latency_target_ns" : 0,
      "latency_percentile" : 100.000000,
      "latency_window" : 0,
      "latency_window_us" : 0
    }
  ],
  "disk_util" : [
    {
      "name" : "nvme0n1",
      "read_ios" : 11,
      "write_ios" : 513862,
      "read_sectors" : 320,
      "write_sectors" : 4111000,
      "read_merges" : 29,
      "write_merges" : 13,
      "read_ticks" : 4,
      "write_ticks" : 96245,
      "in_queue" : 96251,
      "util" : 61.875589
    }
  ]
}
