{
  "fio version" : "fio-3.42-29-gd569",
  "timestamp" : 1779699079,
  "timestamp_ms" : 1779699079080,
  "time" : "Mon May 25 17:51:19 2026",
  "jobs" : [
    {
      "jobname" : "rand_read_async_qd2",
      "groupid" : 0,
      "job_start" : 1779699036435,
      "error" : 0,
      "eta" : 0,
      "elapsed" : 43,
      "job options" : {
        "name" : "rand_read_async_qd2",
        "rw" : "randread",
        "ioengine" : "io_uring",
        "iodepth" : "2",
        "direct" : "1",
        "bs" : "4k",
        "size" : "2G",
        "filename" : "testfile.img"
      },
      "read" : {
        "io_bytes" : 2147483648,
        "io_kbytes" : 2097152,
        "bw_bytes" : 50408047,
        "bw" : 49226,
        "iops" : 12306.652270,
        "runtime" : 42602,
        "total_ios" : 524288,
        "short_ios" : 0,
        "drop_ios" : 0,
        "slat_ns" : {
          "min" : 2196,
          "max" : 1186516,
          "mean" : 3586.959860,
          "stddev" : 3307.423218,
          "N" : 524288
        },
        "clat_ns" : {
          "min" : 3925,
          "max" : 2582605,
          "mean" : 158386.617430,
          "stddev" : 120010.735704,
          "N" : 524288,
          "percentile" : {
            "1.000000" : 36096,
            "5.000000" : 39168,
            "10.000000" : 40192,
            "20.000000" : 42240,
            "30.000000" : 49408,
            "40.000000" : 95744,
            "50.000000" : 113152,
            "60.000000" : 171008,
            "70.000000" : 218112,
            "80.000000" : 261120,
            "90.000000" : 329728,
            "95.000000" : 378880,
            "99.000000" : 501760,
            "99.500000" : 561152,
            "99.900000" : 667648,
            "99.950000" : 716800,
            "99.990000" : 798720
          }
        },
        "lat_ns" : {
          "min" : 26563,
          "max" : 2585112,
          "mean" : 161973.577290,
          "stddev" : 120063.177944,
          "N" : 524288
        },
        "bw_min" : 30360,
        "bw_max" : 78440,
        "bw_agg" : 100.000000,
        "bw_mean" : 49240.564706,
        "bw_dev" : 11801.544421,
        "bw_samples" : 85,
        "iops_min" : 7590,
        "iops_max" : 19610,
        "iops_mean" : 12310.141176,
        "iops_stddev" : 2950.386105,
        "iops_samples" : 85
      },
      "write" : {
        "io_bytes" : 0,
        "io_kbytes" : 0,
        "bw_bytes" : 0,
        "bw" : 0,
        "iops" : 0.000000,
        "runtime" : 0,
        "total_ios" : 0,
        "short_ios" : 0,
        "drop_ios" : 0,
        "slat_ns" : {
          "min" : 0,
          "max" : 0,
          "mean" : 0.000000,
          "stddev" : 0.000000,
          "N" : 0
        },
        "clat_ns" : {
          "min" : 0,
          "max" : 0,
          "mean" : 0.000000,
          "stddev" : 0.000000,
          "N" : 0
        },
        "lat_ns" : {
          "min" : 0,
          "max" : 0,
          "mean" : 0.000000,
          "stddev" : 0.000000,
          "N" : 0
        },
        "bw_min" : 0,
        "bw_max" : 0,
        "bw_agg" : 0.000000,
        "bw_mean" : 0.000000,
        "bw_dev" : 0.000000,
        "bw_samples" : 0,
        "iops_min" : 0,
        "iops_max" : 0,
        "iops_mean" : 0.000000,
        "iops_stddev" : 0.000000,
        "iops_samples" : 0
      },
      "trim" : {
        "io_bytes" : 0,
        "io_kbytes" : 0,
        "bw_bytes" : 0,
        "bw" : 0,
        "iops" : 0.000000,
        "runtime" : 0,
        "total_ios" : 0,
        "short_ios" : 0,
        "drop_ios" : 0,
        "slat_ns" : {
          "min" : 0,
          "max" : 0,
          "mean" : 0.000000,
          "stddev" : 0.000000,
          "N" : 0
        },
        "clat_ns" : {
          "min" : 0,
          "max" : 0,
          "mean" : 0.000000,
          "stddev" : 0.000000,
          "N" : 0
        },
        "lat_ns" : {
          "min" : 0,
          "max" : 0,
          "mean" : 0.000000,
          "stddev" : 0.000000,
          "N" : 0
        },
        "bw_min" : 0,
        "bw_max" : 0,
        "bw_agg" : 0.000000,
        "bw_mean" : 0.000000,
        "bw_dev" : 0.000000,
        "bw_samples" : 0,
        "iops_min" : 0,
        "iops_max" : 0,
        "iops_mean" : 0.000000,
        "iops_stddev" : 0.000000,
        "iops_samples" : 0
      },
      "sync" : {
        "total_ios" : 0,
        "lat_ns" : {
          "min" : 0,
          "max" : 0,
          "mean" : 0.000000,
          "stddev" : 0.000000,
          "N" : 0
        }
      },
      "job_runtime" : 42601,
      "usr_cpu" : 2.321542,
      "sys_cpu" : 6.030375,
      "ctx" : 309910,
      "majf" : 0,
      "minf" : 7,
      "iodepth_level" : {
        "1" : 0.100000,
        "2" : 99.999809,
        "4" : 0.000000,
        "8" : 0.000000,
        "16" : 0.000000,
        "32" : 0.000000,
        ">=64" : 0.000000
      },
      "iodepth_submit" : {
        "0" : 0.000000,
        "4" : 100.000000,
        "8" : 0.000000,
        "16" : 0.000000,
        "32" : 0.000000,
        "64" : 0.000000,
        ">=64" : 0.000000
      },
      "iodepth_complete" : {
        "0" : 0.000000,
        "4" : 100.000000,
        "8" : 0.000000,
        "16" : 0.000000,
        "32" : 0.000000,
        "64" : 0.000000,
        ">=64" : 0.000000
      },
      "latency_ns" : {
        "2" : 0.000000,
        "4" : 0.000000,
        "10" : 0.000000,
        "20" : 0.000000,
        "50" : 0.000000,
        "100" : 0.000000,
        "250" : 0.000000,
        "500" : 0.000000,
        "750" : 0.000000,
        "1000" : 0.000000
      },
      "latency_us" : {
        "2" : 0.000000,
        "4" : 0.010000,
        "10" : 0.010000,
        "20" : 0.010000,
        "50" : 30.088234,
        "100" : 11.391830,
        "250" : 34.490967,
        "500" : 22.986031,
        "750" : 1.016808,
        "1000" : 0.021744
      },
      "latency_ms" : {
        "2" : 0.000000,
        "4" : 0.010000,
        "10" : 0.000000,
        "20" : 0.000000,
        "50" : 0.000000,
        "100" : 0.000000,
        "250" : 0.000000,
        "500" : 0.000000,
        "750" : 0.000000,
        "1000" : 0.000000,
        "2000" : 0.000000,
        ">=2000" : 0.000000
      },
      "latency_depth" : 2,
      "latency_target" : 0,
      "latency_target_ns" : 0,
      "latency_percentile" : 100.000000,
      "latency_window" : 0,
      "latency_window_us" : 0
    }
  ],
  "disk_util" : [
    {
      "name" : "nvme0n1",
      "read_ios" : 521255,
      "write_ios" : 45,
      "read_sectors" : 4170264,
      "write_sectors" : 896,
      "read_merges" : 0,
      "write_merges" : 64,
      "read_ticks" : 80404,
      "write_ticks" : 24,
      "in_queue" : 80436,
      "util" : 92.567218
    }
  ]
}
