{
  "fio version" : "fio-3.42-29-gd569",
  "timestamp" : 1779699249,
  "timestamp_ms" : 1779699249859,
  "time" : "Mon May 25 17:54:09 2026",
  "jobs" : [
    {
      "jobname" : "rand_read_async_qd4",
      "groupid" : 0,
      "job_start" : 1779699243962,
      "error" : 0,
      "eta" : 0,
      "elapsed" : 6,
      "job options" : {
        "name" : "rand_read_async_qd4",
        "rw" : "randread",
        "ioengine" : "io_uring",
        "iodepth" : "4",
        "direct" : "1",
        "bs" : "4k",
        "size" : "2G",
        "filename" : "testfile.img"
      },
      "read" : {
        "io_bytes" : 2147483648,
        "io_kbytes" : 2097152,
        "bw_bytes" : 365404738,
        "bw" : 356840,
        "iops" : 89210.141229,
        "runtime" : 5877,
        "total_ios" : 524288,
        "short_ios" : 0,
        "drop_ios" : 0,
        "slat_ns" : {
          "min" : 2147,
          "max" : 1140092,
          "mean" : 2956.327839,
          "stddev" : 1877.665379,
          "N" : 524288
        },
        "clat_ns" : {
          "min" : 10671,
          "max" : 569346,
          "mean" : 41410.984816,
          "stddev" : 10338.883123,
          "N" : 524288,
          "percentile" : {
            "1.000000" : 33536,
            "5.000000" : 35072,
            "10.000000" : 36096,
            "20.000000" : 37120,
            "30.000000" : 37632,
            "40.000000" : 38656,
            "50.000000" : 39168,
            "60.000000" : 40192,
            "70.000000" : 41728,
            "80.000000" : 44800,
            "90.000000" : 48384,
            "95.000000" : 50944,
            "99.000000" : 64256,
            "99.500000" : 89600,
            "99.900000" : 142336,
            "99.950000" : 280576,
            "99.990000" : 374784
          }
        },
        "lat_ns" : {
          "min" : 28880,
          "max" : 1269261,
          "mean" : 44367.312654,
          "stddev" : 10544.606399,
          "N" : 524288
        },
        "bw_min" : 305880,
        "bw_max" : 373224,
        "bw_agg" : 100.000000,
        "bw_mean" : 359457.454545,
        "bw_dev" : 24229.001021,
        "bw_samples" : 11,
        "iops_min" : 76470,
        "iops_max" : 93306,
        "iops_mean" : 89864.363636,
        "iops_stddev" : 6057.250255,
        "iops_samples" : 11
      },
      "write" : {
        "io_bytes" : 0,
        "io_kbytes" : 0,
        "bw_bytes" : 0,
        "bw" : 0,
        "iops" : 0.000000,
        "runtime" : 0,
        "total_ios" : 0,
        "short_ios" : 0,
        "drop_ios" : 0,
        "slat_ns" : {
          "min" : 0,
          "max" : 0,
          "mean" : 0.000000,
          "stddev" : 0.000000,
          "N" : 0
        },
        "clat_ns" : {
          "min" : 0,
          "max" : 0,
          "mean" : 0.000000,
          "stddev" : 0.000000,
          "N" : 0
        },
        "lat_ns" : {
          "min" : 0,
          "max" : 0,
          "mean" : 0.000000,
          "stddev" : 0.000000,
          "N" : 0
        },
        "bw_min" : 0,
        "bw_max" : 0,
        "bw_agg" : 0.000000,
        "bw_mean" : 0.000000,
        "bw_dev" : 0.000000,
        "bw_samples" : 0,
        "iops_min" : 0,
        "iops_max" : 0,
        "iops_mean" : 0.000000,
        "iops_stddev" : 0.000000,
        "iops_samples" : 0
      },
      "trim" : {
        "io_bytes" : 0,
        "io_kbytes" : 0,
        "bw_bytes" : 0,
        "bw" : 0,
        "iops" : 0.000000,
        "runtime" : 0,
        "total_ios" : 0,
        "short_ios" : 0,
        "drop_ios" : 0,
        "slat_ns" : {
          "min" : 0,
          "max" : 0,
          "mean" : 0.000000,
          "stddev" : 0.000000,
          "N" : 0
        },
        "clat_ns" : {
          "min" : 0,
          "max" : 0,
          "mean" : 0.000000,
          "stddev" : 0.000000,
          "N" : 0
        },
        "lat_ns" : {
          "min" : 0,
          "max" : 0,
          "mean" : 0.000000,
          "stddev" : 0.000000,
          "N" : 0
        },
        "bw_min" : 0,
        "bw_max" : 0,
        "bw_agg" : 0.000000,
        "bw_mean" : 0.000000,
        "bw_dev" : 0.000000,
        "bw_samples" : 0,
        "iops_min" : 0,
        "iops_max" : 0,
        "iops_mean" : 0.000000,
        "iops_stddev" : 0.000000,
        "iops_samples" : 0
      },
      "sync" : {
        "total_ios" : 0,
        "lat_ns" : {
          "min" : 0,
          "max" : 0,
          "mean" : 0.000000,
          "stddev" : 0.000000,
          "N" : 0
        }
      },
      "job_runtime" : 5876,
      "usr_cpu" : 15.537781,
      "sys_cpu" : 36.657590,
      "ctx" : 388842,
      "majf" : 0,
      "minf" : 11,
      "iodepth_level" : {
        "1" : 0.100000,
        "2" : 0.100000,
        "4" : 99.999428,
        "8" : 0.000000,
        "16" : 0.000000,
        "32" : 0.000000,
        ">=64" : 0.000000
      },
      "iodepth_submit" : {
        "0" : 0.000000,
        "4" : 100.000000,
        "8" : 0.000000,
        "16" : 0.000000,
        "32" : 0.000000,
        "64" : 0.000000,
        ">=64" : 0.000000
      },
      "iodepth_complete" : {
        "0" : 0.000000,
        "4" : 100.000000,
        "8" : 0.000000,
        "16" : 0.000000,
        "32" : 0.000000,
        "64" : 0.000000,
        ">=64" : 0.000000
      },
      "latency_ns" : {
        "2" : 0.000000,
        "4" : 0.000000,
        "10" : 0.000000,
        "20" : 0.000000,
        "50" : 0.000000,
        "100" : 0.000000,
        "250" : 0.000000,
        "500" : 0.000000,
        "750" : 0.000000,
        "1000" : 0.000000
      },
      "latency_us" : {
        "2" : 0.000000,
        "4" : 0.000000,
        "10" : 0.000000,
        "20" : 0.010000,
        "50" : 93.556023,
        "100" : 6.134605,
        "250" : 0.238419,
        "500" : 0.068855,
        "750" : 0.010000,
        "1000" : 0.000000
      },
      "latency_ms" : {
        "2" : 0.000000,
        "4" : 0.000000,
        "10" : 0.000000,
        "20" : 0.000000,
        "50" : 0.000000,
        "100" : 0.000000,
        "250" : 0.000000,
        "500" : 0.000000,
        "750" : 0.000000,
        "1000" : 0.000000,
        "2000" : 0.000000,
        ">=2000" : 0.000000
      },
      "latency_depth" : 4,
      "latency_target" : 0,
      "latency_target_ns" : 0,
      "latency_percentile" : 100.000000,
      "latency_window" : 0,
      "latency_window_us" : 0
    }
  ],
  "disk_util" : [
    {
      "name" : "nvme0n1",
      "read_ios" : 507567,
      "write_ios" : 38,
      "read_sectors" : 4060536,
      "write_sectors" : 464,
      "read_merges" : 0,
      "write_merges" : 20,
      "read_ticks" : 19715,
      "write_ticks" : 7,
      "in_queue" : 19723,
      "util" : 63.335655
    }
  ]
}
