{
  "fio version" : "fio-3.42-29-gd569",
  "timestamp" : 1779698638,
  "timestamp_ms" : 1779698638510,
  "time" : "Mon May 25 17:43:58 2026",
  "jobs" : [
    {
      "jobname" : "rand_read_sync",
      "groupid" : 0,
      "job_start" : 1779698556114,
      "error" : 0,
      "eta" : 0,
      "elapsed" : 83,
      "job options" : {
        "name" : "rand_read_sync",
        "rw" : "randread",
        "ioengine" : "sync",
        "direct" : "1",
        "bs" : "4k",
        "size" : "2G",
        "filename" : "testfile.img"
      },
      "read" : {
        "io_bytes" : 2147483648,
        "io_kbytes" : 2097152,
        "bw_bytes" : 26117797,
        "bw" : 25505,
        "iops" : 6376.415358,
        "runtime" : 82223,
        "total_ios" : 524288,
        "short_ios" : 0,
        "drop_ios" : 0,
        "slat_ns" : {
          "min" : 0,
          "max" : 0,
          "mean" : 0.000000,
          "stddev" : 0.000000,
          "N" : 0
        },
        "clat_ns" : {
          "min" : 25255,
          "max" : 3070247,
          "mean" : 155210.866819,
          "stddev" : 128266.118359,
          "N" : 524288,
          "percentile" : {
            "1.000000" : 47872,
            "5.000000" : 50432,
            "10.000000" : 50944,
            "20.000000" : 50944,
            "30.000000" : 51456,
            "40.000000" : 58624,
            "50.000000" : 114176,
            "60.000000" : 124416,
            "70.000000" : 197632,
            "80.000000" : 272384,
            "90.000000" : 346112,
            "95.000000" : 403456,
            "99.000000" : 536576,
            "99.500000" : 602112,
            "99.900000" : 733184,
            "99.950000" : 774144,
            "99.990000" : 946176
          }
        },
        "lat_ns" : {
          "min" : 25315,
          "max" : 3070304,
          "mean" : 155323.455179,
          "stddev" : 128280.769108,
          "N" : 524288
        },
        "bw_min" : 18072,
        "bw_max" : 42032,
        "bw_agg" : 100.000000,
        "bw_mean" : 25535.024390,
        "bw_dev" : 3825.672636,
        "bw_samples" : 164,
        "iops_min" : 4518,
        "iops_max" : 10508,
        "iops_mean" : 6383.756098,
        "iops_stddev" : 956.418159,
        "iops_samples" : 164
      },
      "write" : {
        "io_bytes" : 0,
        "io_kbytes" : 0,
        "bw_bytes" : 0,
        "bw" : 0,
        "iops" : 0.000000,
        "runtime" : 0,
        "total_ios" : 0,
        "short_ios" : 0,
        "drop_ios" : 0,
        "slat_ns" : {
          "min" : 0,
          "max" : 0,
          "mean" : 0.000000,
          "stddev" : 0.000000,
          "N" : 0
        },
        "clat_ns" : {
          "min" : 0,
          "max" : 0,
          "mean" : 0.000000,
          "stddev" : 0.000000,
          "N" : 0
        },
        "lat_ns" : {
          "min" : 0,
          "max" : 0,
          "mean" : 0.000000,
          "stddev" : 0.000000,
          "N" : 0
        },
        "bw_min" : 0,
        "bw_max" : 0,
        "bw_agg" : 0.000000,
        "bw_mean" : 0.000000,
        "bw_dev" : 0.000000,
        "bw_samples" : 0,
        "iops_min" : 0,
        "iops_max" : 0,
        "iops_mean" : 0.000000,
        "iops_stddev" : 0.000000,
        "iops_samples" : 0
      },
      "trim" : {
        "io_bytes" : 0,
        "io_kbytes" : 0,
        "bw_bytes" : 0,
        "bw" : 0,
        "iops" : 0.000000,
        "runtime" : 0,
        "total_ios" : 0,
        "short_ios" : 0,
        "drop_ios" : 0,
        "slat_ns" : {
          "min" : 0,
          "max" : 0,
          "mean" : 0.000000,
          "stddev" : 0.000000,
          "N" : 0
        },
        "clat_ns" : {
          "min" : 0,
          "max" : 0,
          "mean" : 0.000000,
          "stddev" : 0.000000,
          "N" : 0
        },
        "lat_ns" : {
          "min" : 0,
          "max" : 0,
          "mean" : 0.000000,
          "stddev" : 0.000000,
          "N" : 0
        },
        "bw_min" : 0,
        "bw_max" : 0,
        "bw_agg" : 0.000000,
        "bw_mean" : 0.000000,
        "bw_dev" : 0.000000,
        "bw_samples" : 0,
        "iops_min" : 0,
        "iops_max" : 0,
        "iops_mean" : 0.000000,
        "iops_stddev" : 0.000000,
        "iops_samples" : 0
      },
      "sync" : {
        "total_ios" : 0,
        "lat_ns" : {
          "min" : 0,
          "max" : 0,
          "mean" : 0.000000,
          "stddev" : 0.000000,
          "N" : 0
        }
      },
      "job_runtime" : 82222,
      "usr_cpu" : 1.836491,
      "sys_cpu" : 3.890686,
      "ctx" : 524308,
      "majf" : 0,
      "minf" : 8,
      "iodepth_level" : {
        "1" : 100.000000,
        "2" : 0.000000,
        "4" : 0.000000,
        "8" : 0.000000,
        "16" : 0.000000,
        "32" : 0.000000,
        ">=64" : 0.000000
      },
      "iodepth_submit" : {
        "0" : 0.000000,
        "4" : 100.000000,
        "8" : 0.000000,
        "16" : 0.000000,
        "32" : 0.000000,
        "64" : 0.000000,
        ">=64" : 0.000000
      },
      "iodepth_complete" : {
        "0" : 0.000000,
        "4" : 100.000000,
        "8" : 0.000000,
        "16" : 0.000000,
        "32" : 0.000000,
        "64" : 0.000000,
        ">=64" : 0.000000
      },
      "latency_ns" : {
        "2" : 0.000000,
        "4" : 0.000000,
        "10" : 0.000000,
        "20" : 0.000000,
        "50" : 0.000000,
        "100" : 0.000000,
        "250" : 0.000000,
        "500" : 0.000000,
        "750" : 0.000000,
        "1000" : 0.000000
      },
      "latency_us" : {
        "2" : 0.000000,
        "4" : 0.000000,
        "10" : 0.000000,
        "20" : 0.000000,
        "50" : 3.256607,
        "100" : 41.291428,
        "250" : 30.881691,
        "500" : 23.014450,
        "750" : 1.488495,
        "1000" : 0.059128
      },
      "latency_ms" : {
        "2" : 0.010000,
        "4" : 0.010000,
        "10" : 0.000000,
        "20" : 0.000000,
        "50" : 0.000000,
        "100" : 0.000000,
        "250" : 0.000000,
        "500" : 0.000000,
        "750" : 0.000000,
        "1000" : 0.000000,
        "2000" : 0.000000,
        ">=2000" : 0.000000
      },
      "latency_depth" : 1,
      "latency_target" : 0,
      "latency_target_ns" : 0,
      "latency_percentile" : 100.000000,
      "latency_window" : 0,
      "latency_window_us" : 0
    }
  ],
  "disk_util" : [
    {
      "name" : "nvme0n1",
      "read_ios" : 524147,
      "write_ios" : 933,
      "read_sectors" : 4197528,
      "write_sectors" : 47080,
      "read_merges" : 108,
      "write_merges" : 732,
      "read_ticks" : 77788,
      "write_ticks" : 838,
      "in_queue" : 78749,
      "util" : 93.116370
    }
  ]
}
