{
  "fio version" : "fio-3.42-29-gd569",
  "timestamp" : 1779442992,
  "timestamp_ms" : 1779442992871,
  "time" : "Fri May 22 18:43:12 2026",
  "jobs" : [
    {
      "jobname" : "rand_read_async",
      "groupid" : 0,
      "job_start" : 1779442988974,
      "error" : 0,
      "eta" : 0,
      "elapsed" : 4,
      "job options" : {
        "name" : "rand_read_async",
        "rw" : "randread",
        "ioengine" : "io_uring",
        "iodepth" : "32",
        "direct" : "1",
        "bs" : "4k",
        "size" : "2G",
        "filename" : "testfile.img"
      },
      "read" : {
        "io_bytes" : 2147483648,
        "io_kbytes" : 2097152,
        "bw_bytes" : 581816214,
        "bw" : 568179,
        "iops" : 142044.974262,
        "runtime" : 3691,
        "total_ios" : 524288,
        "short_ios" : 0,
        "drop_ios" : 0,
        "slat_ns" : {
          "min" : 2171,
          "max" : 480847,
          "mean" : 3068.864828,
          "stddev" : 3096.469357,
          "N" : 524288
        },
        "clat_ns" : {
          "min" : 72282,
          "max" : 6088519,
          "mean" : 221776.436560,
          "stddev" : 95846.584779,
          "N" : 524288,
          "percentile" : {
            "1.000000" : 112128,
            "5.000000" : 138240,
            "10.000000" : 160768,
            "20.000000" : 175104,
            "30.000000" : 183296,
            "40.000000" : 191488,
            "50.000000" : 201728,
            "60.000000" : 218112,
            "70.000000" : 242688,
            "80.000000" : 261120,
            "90.000000" : 305152,
            "95.000000" : 342016,
            "99.000000" : 448512,
            "99.500000" : 497664,
            "99.900000" : 692224,
            "99.950000" : 1531904,
            "99.990000" : 3948544
          }
        },
        "lat_ns" : {
          "min" : 78296,
          "max" : 6090879,
          "mean" : 224845.301388,
          "stddev" : 95603.479691,
          "N" : 524288
        },
        "bw_min" : 536904,
        "bw_max" : 588664,
        "bw_agg" : 99.827890,
        "bw_mean" : 567202.285714,
        "bw_dev" : 16157.479483,
        "bw_samples" : 7,
        "iops_min" : 134226,
        "iops_max" : 147168,
        "iops_mean" : 141800.857143,
        "iops_stddev" : 4039.812678,
        "iops_samples" : 7
      },
      "write" : {
        "io_bytes" : 0,
        "io_kbytes" : 0,
        "bw_bytes" : 0,
        "bw" : 0,
        "iops" : 0.000000,
        "runtime" : 0,
        "total_ios" : 0,
        "short_ios" : 0,
        "drop_ios" : 0,
        "slat_ns" : {
          "min" : 0,
          "max" : 0,
          "mean" : 0.000000,
          "stddev" : 0.000000,
          "N" : 0
        },
        "clat_ns" : {
          "min" : 0,
          "max" : 0,
          "mean" : 0.000000,
          "stddev" : 0.000000,
          "N" : 0
        },
        "lat_ns" : {
          "min" : 0,
          "max" : 0,
          "mean" : 0.000000,
          "stddev" : 0.000000,
          "N" : 0
        },
        "bw_min" : 0,
        "bw_max" : 0,
        "bw_agg" : 0.000000,
        "bw_mean" : 0.000000,
        "bw_dev" : 0.000000,
        "bw_samples" : 0,
        "iops_min" : 0,
        "iops_max" : 0,
        "iops_mean" : 0.000000,
        "iops_stddev" : 0.000000,
        "iops_samples" : 0
      },
      "trim" : {
        "io_bytes" : 0,
        "io_kbytes" : 0,
        "bw_bytes" : 0,
        "bw" : 0,
        "iops" : 0.000000,
        "runtime" : 0,
        "total_ios" : 0,
        "short_ios" : 0,
        "drop_ios" : 0,
        "slat_ns" : {
          "min" : 0,
          "max" : 0,
          "mean" : 0.000000,
          "stddev" : 0.000000,
          "N" : 0
        },
        "clat_ns" : {
          "min" : 0,
          "max" : 0,
          "mean" : 0.000000,
          "stddev" : 0.000000,
          "N" : 0
        },
        "lat_ns" : {
          "min" : 0,
          "max" : 0,
          "mean" : 0.000000,
          "stddev" : 0.000000,
          "N" : 0
        },
        "bw_min" : 0,
        "bw_max" : 0,
        "bw_agg" : 0.000000,
        "bw_mean" : 0.000000,
        "bw_dev" : 0.000000,
        "bw_samples" : 0,
        "iops_min" : 0,
        "iops_max" : 0,
        "iops_mean" : 0.000000,
        "iops_stddev" : 0.000000,
        "iops_samples" : 0
      },
      "sync" : {
        "total_ios" : 0,
        "lat_ns" : {
          "min" : 0,
          "max" : 0,
          "mean" : 0.000000,
          "stddev" : 0.000000,
          "N" : 0
        }
      },
      "job_runtime" : 3690,
      "usr_cpu" : 15.799458,
      "sys_cpu" : 43.739837,
      "ctx" : 34444,
      "majf" : 0,
      "minf" : 38,
      "iodepth_level" : {
        "1" : 0.100000,
        "2" : 0.100000,
        "4" : 0.100000,
        "8" : 0.100000,
        "16" : 0.100000,
        "32" : 99.994087,
        ">=64" : 0.000000
      },
      "iodepth_submit" : {
        "0" : 0.000000,
        "4" : 100.000000,
        "8" : 0.000000,
        "16" : 0.000000,
        "32" : 0.000000,
        "64" : 0.000000,
        ">=64" : 0.000000
      },
      "iodepth_complete" : {
        "0" : 0.000000,
        "4" : 99.999809,
        "8" : 0.000000,
        "16" : 0.000000,
        "32" : 0.100000,
        "64" : 0.000000,
        ">=64" : 0.000000
      },
      "latency_ns" : {
        "2" : 0.000000,
        "4" : 0.000000,
        "10" : 0.000000,
        "20" : 0.000000,
        "50" : 0.000000,
        "100" : 0.000000,
        "250" : 0.000000,
        "500" : 0.000000,
        "750" : 0.000000,
        "1000" : 0.000000
      },
      "latency_us" : {
        "2" : 0.000000,
        "4" : 0.000000,
        "10" : 0.000000,
        "20" : 0.000000,
        "50" : 0.000000,
        "100" : 0.279999,
        "250" : 73.841858,
        "500" : 25.383568,
        "750" : 0.412750,
        "1000" : 0.014877
      },
      "latency_ms" : {
        "2" : 0.030327,
        "4" : 0.029945,
        "10" : 0.010000,
        "20" : 0.000000,
        "50" : 0.000000,
        "100" : 0.000000,
        "250" : 0.000000,
        "500" : 0.000000,
        "750" : 0.000000,
        "1000" : 0.000000,
        "2000" : 0.000000,
        ">=2000" : 0.000000
      },
      "latency_depth" : 32,
      "latency_target" : 0,
      "latency_target_ns" : 0,
      "latency_percentile" : 100.000000,
      "latency_window" : 0,
      "latency_window_us" : 0
    }
  ],
  "disk_util" : [
    {
      "name" : "nvme0n1",
      "read_ios" : 517871,
      "write_ios" : 218,
      "read_sectors" : 4142968,
      "write_sectors" : 19672,
      "read_merges" : 0,
      "write_merges" : 100,
      "read_ticks" : 96103,
      "write_ticks" : 976,
      "in_queue" : 97101,
      "util" : 58.061933
    }
  ]
}
