{
  "fio version" : "fio-3.42-29-gd569",
  "timestamp" : 1779699841,
  "timestamp_ms" : 1779699841336,
  "time" : "Mon May 25 18:04:01 2026",
  "jobs" : [
    {
      "jobname" : "rand_read_async_qd64",
      "groupid" : 0,
      "job_start" : 1779699838939,
      "error" : 0,
      "eta" : 0,
      "elapsed" : 3,
      "job options" : {
        "name" : "rand_read_async_qd64",
        "rw" : "randread",
        "ioengine" : "io_uring",
        "iodepth" : "64",
        "direct" : "1",
        "bs" : "4k",
        "size" : "2G",
        "filename" : "testfile.img"
      },
      "read" : {
        "io_bytes" : 2147483648,
        "io_kbytes" : 2097152,
        "bw_bytes" : 977906943,
        "bw" : 954987,
        "iops" : 238746.812386,
        "runtime" : 2196,
        "total_ios" : 524288,
        "short_ios" : 0,
        "drop_ios" : 0,
        "slat_ns" : {
          "min" : 2151,
          "max" : 1136194,
          "mean" : 3700.797215,
          "stddev" : 2439.418180,
          "N" : 524288
        },
        "clat_ns" : {
          "min" : 60840,
          "max" : 494829,
          "mean" : 263734.419456,
          "stddev" : 14888.904048,
          "N" : 524288,
          "percentile" : {
            "1.000000" : 238592,
            "5.000000" : 246784,
            "10.000000" : 248832,
            "20.000000" : 252928,
            "30.000000" : 257024,
            "40.000000" : 259072,
            "50.000000" : 264192,
            "60.000000" : 264192,
            "70.000000" : 268288,
            "80.000000" : 272384,
            "90.000000" : 276480,
            "95.000000" : 284672,
            "99.000000" : 317440,
            "99.500000" : 329728,
            "99.900000" : 382976,
            "99.950000" : 415744,
            "99.990000" : 473088
          }
        },
        "lat_ns" : {
          "min" : 63155,
          "max" : 1505583,
          "mean" : 267435.216671,
          "stddev" : 15045.936586,
          "N" : 524288
        },
        "bw_min" : 955672,
        "bw_max" : 958000,
        "bw_agg" : 100.000000,
        "bw_mean" : 956868.000000,
        "bw_dev" : 963.427216,
        "bw_samples" : 4,
        "iops_min" : 238918,
        "iops_max" : 239500,
        "iops_mean" : 239217.000000,
        "iops_stddev" : 240.856804,
        "iops_samples" : 4
      },
      "write" : {
        "io_bytes" : 0,
        "io_kbytes" : 0,
        "bw_bytes" : 0,
        "bw" : 0,
        "iops" : 0.000000,
        "runtime" : 0,
        "total_ios" : 0,
        "short_ios" : 0,
        "drop_ios" : 0,
        "slat_ns" : {
          "min" : 0,
          "max" : 0,
          "mean" : 0.000000,
          "stddev" : 0.000000,
          "N" : 0
        },
        "clat_ns" : {
          "min" : 0,
          "max" : 0,
          "mean" : 0.000000,
          "stddev" : 0.000000,
          "N" : 0
        },
        "lat_ns" : {
          "min" : 0,
          "max" : 0,
          "mean" : 0.000000,
          "stddev" : 0.000000,
          "N" : 0
        },
        "bw_min" : 0,
        "bw_max" : 0,
        "bw_agg" : 0.000000,
        "bw_mean" : 0.000000,
        "bw_dev" : 0.000000,
        "bw_samples" : 0,
        "iops_min" : 0,
        "iops_max" : 0,
        "iops_mean" : 0.000000,
        "iops_stddev" : 0.000000,
        "iops_samples" : 0
      },
      "trim" : {
        "io_bytes" : 0,
        "io_kbytes" : 0,
        "bw_bytes" : 0,
        "bw" : 0,
        "iops" : 0.000000,
        "runtime" : 0,
        "total_ios" : 0,
        "short_ios" : 0,
        "drop_ios" : 0,
        "slat_ns" : {
          "min" : 0,
          "max" : 0,
          "mean" : 0.000000,
          "stddev" : 0.000000,
          "N" : 0
        },
        "clat_ns" : {
          "min" : 0,
          "max" : 0,
          "mean" : 0.000000,
          "stddev" : 0.000000,
          "N" : 0
        },
        "lat_ns" : {
          "min" : 0,
          "max" : 0,
          "mean" : 0.000000,
          "stddev" : 0.000000,
          "N" : 0
        },
        "bw_min" : 0,
        "bw_max" : 0,
        "bw_agg" : 0.000000,
        "bw_mean" : 0.000000,
        "bw_dev" : 0.000000,
        "bw_samples" : 0,
        "iops_min" : 0,
        "iops_max" : 0,
        "iops_mean" : 0.000000,
        "iops_stddev" : 0.000000,
        "iops_samples" : 0
      },
      "sync" : {
        "total_ios" : 0,
        "lat_ns" : {
          "min" : 0,
          "max" : 0,
          "mean" : 0.000000,
          "stddev" : 0.000000,
          "N" : 0
        }
      },
      "job_runtime" : 2195,
      "usr_cpu" : 24.783599,
      "sys_cpu" : 74.943052,
      "ctx" : 431,
      "majf" : 0,
      "minf" : 70,
      "iodepth_level" : {
        "1" : 0.100000,
        "2" : 0.100000,
        "4" : 0.100000,
        "8" : 0.100000,
        "16" : 0.100000,
        "32" : 0.100000,
        ">=64" : 99.987984
      },
      "iodepth_submit" : {
        "0" : 0.000000,
        "4" : 100.000000,
        "8" : 0.000000,
        "16" : 0.000000,
        "32" : 0.000000,
        "64" : 0.000000,
        ">=64" : 0.000000
      },
      "iodepth_complete" : {
        "0" : 0.000000,
        "4" : 99.999809,
        "8" : 0.000000,
        "16" : 0.000000,
        "32" : 0.000000,
        "64" : 0.100000,
        ">=64" : 0.000000
      },
      "latency_ns" : {
        "2" : 0.000000,
        "4" : 0.000000,
        "10" : 0.000000,
        "20" : 0.000000,
        "50" : 0.000000,
        "100" : 0.000000,
        "250" : 0.000000,
        "500" : 0.000000,
        "750" : 0.000000,
        "1000" : 0.000000
      },
      "latency_us" : {
        "2" : 0.000000,
        "4" : 0.000000,
        "10" : 0.000000,
        "20" : 0.000000,
        "50" : 0.000000,
        "100" : 0.010000,
        "250" : 11.739159,
        "500" : 88.258934,
        "750" : 0.000000,
        "1000" : 0.000000
      },
      "latency_ms" : {
        "2" : 0.000000,
        "4" : 0.000000,
        "10" : 0.000000,
        "20" : 0.000000,
        "50" : 0.000000,
        "100" : 0.000000,
        "250" : 0.000000,
        "500" : 0.000000,
        "750" : 0.000000,
        "1000" : 0.000000,
        "2000" : 0.000000,
        ">=2000" : 0.000000
      },
      "latency_depth" : 64,
      "latency_target" : 0,
      "latency_target_ns" : 0,
      "latency_percentile" : 100.000000,
      "latency_window" : 0,
      "latency_window_us" : 0
    }
  ],
  "disk_util" : [
    {
      "name" : "nvme0n1",
      "read_ios" : 512753,
      "write_ios" : 0,
      "read_sectors" : 4102024,
      "write_sectors" : 0,
      "read_merges" : 0,
      "write_merges" : 0,
      "read_ticks" : 25451,
      "write_ticks" : 0,
      "in_queue" : 25451,
      "util" : 72.929653
    }
  ]
}
