{
  "fio version" : "fio-3.42-29-gd569",
  "timestamp" : 1779699335,
  "timestamp_ms" : 1779699335532,
  "time" : "Mon May 25 17:55:35 2026",
  "jobs" : [
    {
      "jobname" : "rand_write_async_qd8",
      "groupid" : 0,
      "job_start" : 1779699332635,
      "error" : 0,
      "eta" : 0,
      "elapsed" : 4,
      "job options" : {
        "name" : "rand_write_async_qd8",
        "rw" : "randwrite",
        "ioengine" : "io_uring",
        "iodepth" : "8",
        "direct" : "1",
        "bs" : "4k",
        "size" : "2G",
        "filename" : "testfile.img"
      },
      "read" : {
        "io_bytes" : 0,
        "io_kbytes" : 0,
        "bw_bytes" : 0,
        "bw" : 0,
        "iops" : 0.000000,
        "runtime" : 0,
        "total_ios" : 0,
        "short_ios" : 0,
        "drop_ios" : 0,
        "slat_ns" : {
          "min" : 0,
          "max" : 0,
          "mean" : 0.000000,
          "stddev" : 0.000000,
          "N" : 0
        },
        "clat_ns" : {
          "min" : 0,
          "max" : 0,
          "mean" : 0.000000,
          "stddev" : 0.000000,
          "N" : 0
        },
        "lat_ns" : {
          "min" : 0,
          "max" : 0,
          "mean" : 0.000000,
          "stddev" : 0.000000,
          "N" : 0
        },
        "bw_min" : 0,
        "bw_max" : 0,
        "bw_agg" : 0.000000,
        "bw_mean" : 0.000000,
        "bw_dev" : 0.000000,
        "bw_samples" : 0,
        "iops_min" : 0,
        "iops_max" : 0,
        "iops_mean" : 0.000000,
        "iops_stddev" : 0.000000,
        "iops_samples" : 0
      },
      "write" : {
        "io_bytes" : 2147483648,
        "io_kbytes" : 2097152,
        "bw_bytes" : 774146953,
        "bw" : 756002,
        "iops" : 189000.720981,
        "runtime" : 2774,
        "total_ios" : 524288,
        "short_ios" : 0,
        "drop_ios" : 0,
        "slat_ns" : {
          "min" : 1131,
          "max" : 945484,
          "mean" : 3806.418322,
          "stddev" : 2223.852343,
          "N" : 524288
        },
        "clat_ns" : {
          "min" : 145,
          "max" : 9620289,
          "mean" : 38166.514313,
          "stddev" : 80398.105532,
          "N" : 524288,
          "percentile" : {
            "1.000000" : 23168,
            "5.000000" : 26752,
            "10.000000" : 28032,
            "20.000000" : 28800,
            "30.000000" : 29824,
            "40.000000" : 30848,
            "50.000000" : 31872,
            "60.000000" : 34048,
            "70.000000" : 37632,
            "80.000000" : 41728,
            "90.000000" : 55552,
            "95.000000" : 60672,
            "99.000000" : 69120,
            "99.500000" : 98816,
            "99.900000" : 246784,
            "99.950000" : 522240,
            "99.990000" : 3653632
          }
        },
        "lat_ns" : {
          "min" : 24822,
          "max" : 9623383,
          "mean" : 41972.932634,
          "stddev" : 80406.453350,
          "N" : 524288
        },
        "bw_min" : 701584,
        "bw_max" : 776656,
        "bw_agg" : 99.692477,
        "bw_mean" : 753678.400000,
        "bw_dev" : 30562.537277,
        "bw_samples" : 5,
        "iops_min" : 175396,
        "iops_max" : 194164,
        "iops_mean" : 188419.600000,
        "iops_stddev" : 7640.634319,
        "iops_samples" : 5
      },
      "trim" : {
        "io_bytes" : 0,
        "io_kbytes" : 0,
        "bw_bytes" : 0,
        "bw" : 0,
        "iops" : 0.000000,
        "runtime" : 0,
        "total_ios" : 0,
        "short_ios" : 0,
        "drop_ios" : 0,
        "slat_ns" : {
          "min" : 0,
          "max" : 0,
          "mean" : 0.000000,
          "stddev" : 0.000000,
          "N" : 0
        },
        "clat_ns" : {
          "min" : 0,
          "max" : 0,
          "mean" : 0.000000,
          "stddev" : 0.000000,
          "N" : 0
        },
        "lat_ns" : {
          "min" : 0,
          "max" : 0,
          "mean" : 0.000000,
          "stddev" : 0.000000,
          "N" : 0
        },
        "bw_min" : 0,
        "bw_max" : 0,
        "bw_agg" : 0.000000,
        "bw_mean" : 0.000000,
        "bw_dev" : 0.000000,
        "bw_samples" : 0,
        "iops_min" : 0,
        "iops_max" : 0,
        "iops_mean" : 0.000000,
        "iops_stddev" : 0.000000,
        "iops_samples" : 0
      },
      "sync" : {
        "total_ios" : 0,
        "lat_ns" : {
          "min" : 0,
          "max" : 0,
          "mean" : 0.000000,
          "stddev" : 0.000000,
          "N" : 0
        }
      },
      "job_runtime" : 2773,
      "usr_cpu" : 22.755139,
      "sys_cpu" : 63.072485,
      "ctx" : 24106,
      "majf" : 0,
      "minf" : 7,
      "iodepth_level" : {
        "1" : 0.100000,
        "2" : 0.100000,
        "4" : 0.100000,
        "8" : 99.998665,
        "16" : 0.000000,
        "32" : 0.000000,
        ">=64" : 0.000000
      },
      "iodepth_submit" : {
        "0" : 0.000000,
        "4" : 100.000000,
        "8" : 0.000000,
        "16" : 0.000000,
        "32" : 0.000000,
        "64" : 0.000000,
        ">=64" : 0.000000
      },
      "iodepth_complete" : {
        "0" : 0.000000,
        "4" : 99.999809,
        "8" : 0.100000,
        "16" : 0.000000,
        "32" : 0.000000,
        "64" : 0.000000,
        ">=64" : 0.000000
      },
      "latency_ns" : {
        "2" : 0.000000,
        "4" : 0.000000,
        "10" : 0.000000,
        "20" : 0.000000,
        "50" : 0.000000,
        "100" : 0.000000,
        "250" : 0.010000,
        "500" : 0.000000,
        "750" : 0.000000,
        "1000" : 0.000000
      },
      "latency_us" : {
        "2" : 0.000000,
        "4" : 0.000000,
        "10" : 0.010000,
        "20" : 0.000000,
        "50" : 86.451149,
        "100" : 13.071060,
        "250" : 0.379753,
        "500" : 0.046730,
        "750" : 0.010000,
        "1000" : 0.010000
      },
      "latency_ms" : {
        "2" : 0.000000,
        "4" : 0.028992,
        "10" : 0.010000,
        "20" : 0.000000,
        "50" : 0.000000,
        "100" : 0.000000,
        "250" : 0.000000,
        "500" : 0.000000,
        "750" : 0.000000,
        "1000" : 0.000000,
        "2000" : 0.000000,
        ">=2000" : 0.000000
      },
      "latency_depth" : 8,
      "latency_target" : 0,
      "latency_target_ns" : 0,
      "latency_percentile" : 100.000000,
      "latency_window" : 0,
      "latency_window_us" : 0
    }
  ],
  "disk_util" : [
    {
      "name" : "nvme0n1",
      "read_ios" : 10,
      "write_ios" : 499080,
      "read_sectors" : 320,
      "write_sectors" : 3992640,
      "read_merges" : 30,
      "write_merges" : 0,
      "read_ticks" : 3,
      "write_ticks" : 14646,
      "in_queue" : 14649,
      "util" : 77.632058
    }
  ]
}
