{
  "fio version" : "fio-3.42-29-gd569",
  "timestamp" : 1779699182,
  "timestamp_ms" : 1779699182626,
  "time" : "Mon May 25 17:53:02 2026",
  "jobs" : [
    {
      "jobname" : "rand_write_async_qd4",
      "groupid" : 0,
      "job_start" : 1779699178479,
      "error" : 0,
      "eta" : 0,
      "elapsed" : 5,
      "job options" : {
        "name" : "rand_write_async_qd4",
        "rw" : "randwrite",
        "ioengine" : "io_uring",
        "iodepth" : "4",
        "direct" : "1",
        "bs" : "4k",
        "size" : "2G",
        "filename" : "testfile.img"
      },
      "read" : {
        "io_bytes" : 0,
        "io_kbytes" : 0,
        "bw_bytes" : 0,
        "bw" : 0,
        "iops" : 0.000000,
        "runtime" : 0,
        "total_ios" : 0,
        "short_ios" : 0,
        "drop_ios" : 0,
        "slat_ns" : {
          "min" : 0,
          "max" : 0,
          "mean" : 0.000000,
          "stddev" : 0.000000,
          "N" : 0
        },
        "clat_ns" : {
          "min" : 0,
          "max" : 0,
          "mean" : 0.000000,
          "stddev" : 0.000000,
          "N" : 0
        },
        "lat_ns" : {
          "min" : 0,
          "max" : 0,
          "mean" : 0.000000,
          "stddev" : 0.000000,
          "N" : 0
        },
        "bw_min" : 0,
        "bw_max" : 0,
        "bw_agg" : 0.000000,
        "bw_mean" : 0.000000,
        "bw_dev" : 0.000000,
        "bw_samples" : 0,
        "iops_min" : 0,
        "iops_max" : 0,
        "iops_mean" : 0.000000,
        "iops_stddev" : 0.000000,
        "iops_samples" : 0
      },
      "write" : {
        "io_bytes" : 2147483648,
        "io_kbytes" : 2097152,
        "bw_bytes" : 528806611,
        "bw" : 516412,
        "iops" : 129103.176557,
        "runtime" : 4061,
        "total_ios" : 524288,
        "short_ios" : 0,
        "drop_ios" : 0,
        "slat_ns" : {
          "min" : 1346,
          "max" : 1074512,
          "mean" : 3677.506033,
          "stddev" : 2328.761050,
          "N" : 524288
        },
        "clat_ns" : {
          "min" : 267,
          "max" : 8229773,
          "mean" : 26897.968372,
          "stddev" : 54412.628507,
          "N" : 524288,
          "percentile" : {
            "1.000000" : 16192,
            "5.000000" : 19072,
            "10.000000" : 19584,
            "20.000000" : 21632,
            "30.000000" : 22912,
            "40.000000" : 24960,
            "50.000000" : 25728,
            "60.000000" : 26496,
            "70.000000" : 27520,
            "80.000000" : 29056,
            "90.000000" : 31616,
            "95.000000" : 36096,
            "99.000000" : 49408,
            "99.500000" : 51968,
            "99.900000" : 81408,
            "99.950000" : 97792,
            "99.990000" : 3391488
          }
        },
        "lat_ns" : {
          "min" : 16903,
          "max" : 8232201,
          "mean" : 30575.474405,
          "stddev" : 54405.370712,
          "N" : 524288
        },
        "bw_min" : 500816,
        "bw_max" : 529528,
        "bw_agg" : 100.000000,
        "bw_mean" : 517168.000000,
        "bw_dev" : 11350.624703,
        "bw_samples" : 8,
        "iops_min" : 125204,
        "iops_max" : 132382,
        "iops_mean" : 129292.000000,
        "iops_stddev" : 2837.656176,
        "iops_samples" : 8
      },
      "trim" : {
        "io_bytes" : 0,
        "io_kbytes" : 0,
        "bw_bytes" : 0,
        "bw" : 0,
        "iops" : 0.000000,
        "runtime" : 0,
        "total_ios" : 0,
        "short_ios" : 0,
        "drop_ios" : 0,
        "slat_ns" : {
          "min" : 0,
          "max" : 0,
          "mean" : 0.000000,
          "stddev" : 0.000000,
          "N" : 0
        },
        "clat_ns" : {
          "min" : 0,
          "max" : 0,
          "mean" : 0.000000,
          "stddev" : 0.000000,
          "N" : 0
        },
        "lat_ns" : {
          "min" : 0,
          "max" : 0,
          "mean" : 0.000000,
          "stddev" : 0.000000,
          "N" : 0
        },
        "bw_min" : 0,
        "bw_max" : 0,
        "bw_agg" : 0.000000,
        "bw_mean" : 0.000000,
        "bw_dev" : 0.000000,
        "bw_samples" : 0,
        "iops_min" : 0,
        "iops_max" : 0,
        "iops_mean" : 0.000000,
        "iops_stddev" : 0.000000,
        "iops_samples" : 0
      },
      "sync" : {
        "total_ios" : 0,
        "lat_ns" : {
          "min" : 0,
          "max" : 0,
          "mean" : 0.000000,
          "stddev" : 0.000000,
          "N" : 0
        }
      },
      "job_runtime" : 4060,
      "usr_cpu" : 18.596059,
      "sys_cpu" : 49.950739,
      "ctx" : 162234,
      "majf" : 0,
      "minf" : 6,
      "iodepth_level" : {
        "1" : 0.100000,
        "2" : 0.100000,
        "4" : 99.999428,
        "8" : 0.000000,
        "16" : 0.000000,
        "32" : 0.000000,
        ">=64" : 0.000000
      },
      "iodepth_submit" : {
        "0" : 0.000000,
        "4" : 100.000000,
        "8" : 0.000000,
        "16" : 0.000000,
        "32" : 0.000000,
        "64" : 0.000000,
        ">=64" : 0.000000
      },
      "iodepth_complete" : {
        "0" : 0.000000,
        "4" : 100.000000,
        "8" : 0.000000,
        "16" : 0.000000,
        "32" : 0.000000,
        "64" : 0.000000,
        ">=64" : 0.000000
      },
      "latency_ns" : {
        "2" : 0.000000,
        "4" : 0.000000,
        "10" : 0.000000,
        "20" : 0.000000,
        "50" : 0.000000,
        "100" : 0.000000,
        "250" : 0.000000,
        "500" : 0.010000,
        "750" : 0.000000,
        "1000" : 0.000000
      },
      "latency_us" : {
        "2" : 0.000000,
        "4" : 0.000000,
        "10" : 0.010000,
        "20" : 13.488007,
        "50" : 85.730362,
        "100" : 0.733948,
        "250" : 0.022125,
        "500" : 0.010000,
        "750" : 0.000000,
        "1000" : 0.000000
      },
      "latency_ms" : {
        "2" : 0.010000,
        "4" : 0.014496,
        "10" : 0.010000,
        "20" : 0.000000,
        "50" : 0.000000,
        "100" : 0.000000,
        "250" : 0.000000,
        "500" : 0.000000,
        "750" : 0.000000,
        "1000" : 0.000000,
        "2000" : 0.000000,
        ">=2000" : 0.000000
      },
      "latency_depth" : 4,
      "latency_target" : 0,
      "latency_target_ns" : 0,
      "latency_percentile" : 100.000000,
      "latency_window" : 0,
      "latency_window_us" : 0
    }
  ],
  "disk_util" : [
    {
      "name" : "nvme0n1",
      "read_ios" : 89,
      "write_ios" : 505105,
      "read_sectors" : 2632,
      "write_sectors" : 4040968,
      "read_merges" : 240,
      "write_merges" : 16,
      "read_ticks" : 19,
      "write_ticks" : 11392,
      "in_queue" : 11413,
      "util" : 71.464330
    }
  ]
}
