{
  "fio version" : "fio-3.42-29-gd569",
  "timestamp" : 1779699986,
  "timestamp_ms" : 1779699986990,
  "time" : "Mon May 25 18:06:26 2026",
  "jobs" : [
    {
      "jobname" : "rand_read_async_qd128",
      "groupid" : 0,
      "job_start" : 1779699984843,
      "error" : 0,
      "eta" : 0,
      "elapsed" : 3,
      "job options" : {
        "name" : "rand_read_async_qd128",
        "rw" : "randread",
        "ioengine" : "io_uring",
        "iodepth" : "128",
        "direct" : "1",
        "bs" : "4k",
        "size" : "2G",
        "filename" : "testfile.img"
      },
      "read" : {
        "io_bytes" : 2147483648,
        "io_kbytes" : 2097152,
        "bw_bytes" : 1034931878,
        "bw" : 1010675,
        "iops" : 252668.915663,
        "runtime" : 2075,
        "total_ios" : 524288,
        "short_ios" : 0,
        "drop_ios" : 0,
        "slat_ns" : {
          "min" : 2161,
          "max" : 881396,
          "mean" : 3417.348763,
          "stddev" : 4742.496818,
          "N" : 524288
        },
        "clat_ns" : {
          "min" : 166174,
          "max" : 960984,
          "mean" : 502198.487818,
          "stddev" : 40912.135983,
          "N" : 524288,
          "percentile" : {
            "1.000000" : 432128,
            "5.000000" : 452608,
            "10.000000" : 460800,
            "20.000000" : 473088,
            "30.000000" : 481280,
            "40.000000" : 489472,
            "50.000000" : 497664,
            "60.000000" : 505856,
            "70.000000" : 514048,
            "80.000000" : 528384,
            "90.000000" : 544768,
            "95.000000" : 561152,
            "99.000000" : 626688,
            "99.500000" : 774144,
            "99.900000" : 856064,
            "99.950000" : 872448,
            "99.990000" : 913408
          }
        },
        "lat_ns" : {
          "min" : 168532,
          "max" : 1689546,
          "mean" : 505615.836580,
          "stddev" : 41013.510345,
          "N" : 524288
        },
        "bw_min" : 1005416,
        "bw_max" : 1018960,
        "bw_agg" : 100.000000,
        "bw_mean" : 1012212.000000,
        "bw_dev" : 6403.700597,
        "bw_samples" : 4,
        "iops_min" : 251354,
        "iops_max" : 254740,
        "iops_mean" : 253053.000000,
        "iops_stddev" : 1600.925149,
        "iops_samples" : 4
      },
      "write" : {
        "io_bytes" : 0,
        "io_kbytes" : 0,
        "bw_bytes" : 0,
        "bw" : 0,
        "iops" : 0.000000,
        "runtime" : 0,
        "total_ios" : 0,
        "short_ios" : 0,
        "drop_ios" : 0,
        "slat_ns" : {
          "min" : 0,
          "max" : 0,
          "mean" : 0.000000,
          "stddev" : 0.000000,
          "N" : 0
        },
        "clat_ns" : {
          "min" : 0,
          "max" : 0,
          "mean" : 0.000000,
          "stddev" : 0.000000,
          "N" : 0
        },
        "lat_ns" : {
          "min" : 0,
          "max" : 0,
          "mean" : 0.000000,
          "stddev" : 0.000000,
          "N" : 0
        },
        "bw_min" : 0,
        "bw_max" : 0,
        "bw_agg" : 0.000000,
        "bw_mean" : 0.000000,
        "bw_dev" : 0.000000,
        "bw_samples" : 0,
        "iops_min" : 0,
        "iops_max" : 0,
        "iops_mean" : 0.000000,
        "iops_stddev" : 0.000000,
        "iops_samples" : 0
      },
      "trim" : {
        "io_bytes" : 0,
        "io_kbytes" : 0,
        "bw_bytes" : 0,
        "bw" : 0,
        "iops" : 0.000000,
        "runtime" : 0,
        "total_ios" : 0,
        "short_ios" : 0,
        "drop_ios" : 0,
        "slat_ns" : {
          "min" : 0,
          "max" : 0,
          "mean" : 0.000000,
          "stddev" : 0.000000,
          "N" : 0
        },
        "clat_ns" : {
          "min" : 0,
          "max" : 0,
          "mean" : 0.000000,
          "stddev" : 0.000000,
          "N" : 0
        },
        "lat_ns" : {
          "min" : 0,
          "max" : 0,
          "mean" : 0.000000,
          "stddev" : 0.000000,
          "N" : 0
        },
        "bw_min" : 0,
        "bw_max" : 0,
        "bw_agg" : 0.000000,
        "bw_mean" : 0.000000,
        "bw_dev" : 0.000000,
        "bw_samples" : 0,
        "iops_min" : 0,
        "iops_max" : 0,
        "iops_mean" : 0.000000,
        "iops_stddev" : 0.000000,
        "iops_samples" : 0
      },
      "sync" : {
        "total_ios" : 0,
        "lat_ns" : {
          "min" : 0,
          "max" : 0,
          "mean" : 0.000000,
          "stddev" : 0.000000,
          "N" : 0
        }
      },
      "job_runtime" : 2074,
      "usr_cpu" : 26.759884,
      "sys_cpu" : 73.095468,
      "ctx" : 44,
      "majf" : 0,
      "minf" : 134,
      "iodepth_level" : {
        "1" : 0.100000,
        "2" : 0.100000,
        "4" : 0.100000,
        "8" : 0.100000,
        "16" : 0.100000,
        "32" : 0.100000,
        ">=64" : 99.987984
      },
      "iodepth_submit" : {
        "0" : 0.000000,
        "4" : 100.000000,
        "8" : 0.000000,
        "16" : 0.000000,
        "32" : 0.000000,
        "64" : 0.000000,
        ">=64" : 0.000000
      },
      "iodepth_complete" : {
        "0" : 0.000000,
        "4" : 99.999809,
        "8" : 0.000000,
        "16" : 0.000000,
        "32" : 0.000000,
        "64" : 0.000000,
        ">=64" : 0.100000
      },
      "latency_ns" : {
        "2" : 0.000000,
        "4" : 0.000000,
        "10" : 0.000000,
        "20" : 0.000000,
        "50" : 0.000000,
        "100" : 0.000000,
        "250" : 0.000000,
        "500" : 0.000000,
        "750" : 0.000000,
        "1000" : 0.000000
      },
      "latency_us" : {
        "2" : 0.000000,
        "4" : 0.000000,
        "10" : 0.000000,
        "20" : 0.000000,
        "50" : 0.000000,
        "100" : 0.000000,
        "250" : 0.010000,
        "500" : 52.738953,
        "750" : 46.683502,
        "1000" : 0.572205
      },
      "latency_ms" : {
        "2" : 0.000000,
        "4" : 0.000000,
        "10" : 0.000000,
        "20" : 0.000000,
        "50" : 0.000000,
        "100" : 0.000000,
        "250" : 0.000000,
        "500" : 0.000000,
        "750" : 0.000000,
        "1000" : 0.000000,
        "2000" : 0.000000,
        ">=2000" : 0.000000
      },
      "latency_depth" : 128,
      "latency_target" : 0,
      "latency_target_ns" : 0,
      "latency_percentile" : 100.000000,
      "latency_window" : 0,
      "latency_window_us" : 0
    }
  ],
  "disk_util" : [
    {
      "name" : "nvme0n1",
      "read_ios" : 479542,
      "write_ios" : 2,
      "read_sectors" : 3836336,
      "write_sectors" : 112,
      "read_merges" : 0,
      "write_merges" : 12,
      "read_ticks" : 74321,
      "write_ticks" : 4,
      "in_queue" : 74326,
      "util" : 40.380762
    }
  ]
}
