{
  "fio version" : "fio-3.42-29-gd569",
  "timestamp" : 1779699481,
  "timestamp_ms" : 1779699481657,
  "time" : "Mon May 25 17:58:01 2026",
  "jobs" : [
    {
      "jobname" : "rand_write_async_qd16",
      "groupid" : 0,
      "job_start" : 1779699479156,
      "error" : 0,
      "eta" : 0,
      "elapsed" : 3,
      "job options" : {
        "name" : "rand_write_async_qd16",
        "rw" : "randwrite",
        "ioengine" : "io_uring",
        "iodepth" : "16",
        "direct" : "1",
        "bs" : "4k",
        "size" : "2G",
        "filename" : "testfile.img"
      },
      "read" : {
        "io_bytes" : 0,
        "io_kbytes" : 0,
        "bw_bytes" : 0,
        "bw" : 0,
        "iops" : 0.000000,
        "runtime" : 0,
        "total_ios" : 0,
        "short_ios" : 0,
        "drop_ios" : 0,
        "slat_ns" : {
          "min" : 0,
          "max" : 0,
          "mean" : 0.000000,
          "stddev" : 0.000000,
          "N" : 0
        },
        "clat_ns" : {
          "min" : 0,
          "max" : 0,
          "mean" : 0.000000,
          "stddev" : 0.000000,
          "N" : 0
        },
        "lat_ns" : {
          "min" : 0,
          "max" : 0,
          "mean" : 0.000000,
          "stddev" : 0.000000,
          "N" : 0
        },
        "bw_min" : 0,
        "bw_max" : 0,
        "bw_agg" : 0.000000,
        "bw_mean" : 0.000000,
        "bw_dev" : 0.000000,
        "bw_samples" : 0,
        "iops_min" : 0,
        "iops_max" : 0,
        "iops_mean" : 0.000000,
        "iops_stddev" : 0.000000,
        "iops_samples" : 0
      },
      "write" : {
        "io_bytes" : 2147483648,
        "io_kbytes" : 2097152,
        "bw_bytes" : 868020876,
        "bw" : 847676,
        "iops" : 211919.159256,
        "runtime" : 2474,
        "total_ios" : 524288,
        "short_ios" : 0,
        "drop_ios" : 0,
        "slat_ns" : {
          "min" : 1055,
          "max" : 432305,
          "mean" : 3782.034742,
          "stddev" : 2079.791157,
          "N" : 524288
        },
        "clat_ns" : {
          "min" : 22114,
          "max" : 8739977,
          "mean" : 71311.096058,
          "stddev" : 104856.870521,
          "N" : 524288,
          "percentile" : {
            "1.000000" : 52992,
            "5.000000" : 56576,
            "10.000000" : 59648,
            "20.000000" : 62208,
            "30.000000" : 63232,
            "40.000000" : 64256,
            "50.000000" : 66048,
            "60.000000" : 67072,
            "70.000000" : 70144,
            "80.000000" : 74240,
            "90.000000" : 81408,
            "95.000000" : 88576,
            "99.000000" : 110080,
            "99.500000" : 122368,
            "99.900000" : 164864,
            "99.950000" : 3260416,
            "99.990000" : 3784704
          }
        },
        "lat_ns" : {
          "min" : 25193,
          "max" : 8742568,
          "mean" : 75093.130800,
          "stddev" : 104833.809477,
          "N" : 524288
        },
        "bw_min" : 843000,
        "bw_max" : 848832,
        "bw_agg" : 99.881719,
        "bw_mean" : 846674.000000,
        "bw_dev" : 2658.917073,
        "bw_samples" : 4,
        "iops_min" : 210750,
        "iops_max" : 212208,
        "iops_mean" : 211668.500000,
        "iops_stddev" : 664.729268,
        "iops_samples" : 4
      },
      "trim" : {
        "io_bytes" : 0,
        "io_kbytes" : 0,
        "bw_bytes" : 0,
        "bw" : 0,
        "iops" : 0.000000,
        "runtime" : 0,
        "total_ios" : 0,
        "short_ios" : 0,
        "drop_ios" : 0,
        "slat_ns" : {
          "min" : 0,
          "max" : 0,
          "mean" : 0.000000,
          "stddev" : 0.000000,
          "N" : 0
        },
        "clat_ns" : {
          "min" : 0,
          "max" : 0,
          "mean" : 0.000000,
          "stddev" : 0.000000,
          "N" : 0
        },
        "lat_ns" : {
          "min" : 0,
          "max" : 0,
          "mean" : 0.000000,
          "stddev" : 0.000000,
          "N" : 0
        },
        "bw_min" : 0,
        "bw_max" : 0,
        "bw_agg" : 0.000000,
        "bw_mean" : 0.000000,
        "bw_dev" : 0.000000,
        "bw_samples" : 0,
        "iops_min" : 0,
        "iops_max" : 0,
        "iops_mean" : 0.000000,
        "iops_stddev" : 0.000000,
        "iops_samples" : 0
      },
      "sync" : {
        "total_ios" : 0,
        "lat_ns" : {
          "min" : 0,
          "max" : 0,
          "mean" : 0.000000,
          "stddev" : 0.000000,
          "N" : 0
        }
      },
      "job_runtime" : 2473,
      "usr_cpu" : 24.423777,
      "sys_cpu" : 68.823292,
      "ctx" : 6908,
      "majf" : 0,
      "minf" : 7,
      "iodepth_level" : {
        "1" : 0.100000,
        "2" : 0.100000,
        "4" : 0.100000,
        "8" : 0.100000,
        "16" : 99.997139,
        "32" : 0.000000,
        ">=64" : 0.000000
      },
      "iodepth_submit" : {
        "0" : 0.000000,
        "4" : 100.000000,
        "8" : 0.000000,
        "16" : 0.000000,
        "32" : 0.000000,
        "64" : 0.000000,
        ">=64" : 0.000000
      },
      "iodepth_complete" : {
        "0" : 0.000000,
        "4" : 99.999809,
        "8" : 0.000000,
        "16" : 0.100000,
        "32" : 0.000000,
        "64" : 0.000000,
        ">=64" : 0.000000
      },
      "latency_ns" : {
        "2" : 0.000000,
        "4" : 0.000000,
        "10" : 0.000000,
        "20" : 0.000000,
        "50" : 0.000000,
        "100" : 0.000000,
        "250" : 0.000000,
        "500" : 0.000000,
        "750" : 0.000000,
        "1000" : 0.000000
      },
      "latency_us" : {
        "2" : 0.000000,
        "4" : 0.000000,
        "10" : 0.000000,
        "20" : 0.000000,
        "50" : 0.052261,
        "100" : 98.131943,
        "250" : 1.738930,
        "500" : 0.010000,
        "750" : 0.000000,
        "1000" : 0.000000
      },
      "latency_ms" : {
        "2" : 0.000000,
        "4" : 0.064087,
        "10" : 0.010000,
        "20" : 0.000000,
        "50" : 0.000000,
        "100" : 0.000000,
        "250" : 0.000000,
        "500" : 0.000000,
        "750" : 0.000000,
        "1000" : 0.000000,
        "2000" : 0.000000,
        ">=2000" : 0.000000
      },
      "latency_depth" : 16,
      "latency_target" : 0,
      "latency_target_ns" : 0,
      "latency_percentile" : 100.000000,
      "latency_window" : 0,
      "latency_window_us" : 0
    }
  ],
  "disk_util" : [
    {
      "name" : "nvme0n1",
      "read_ios" : 136,
      "write_ios" : 507476,
      "read_sectors" : 5632,
      "write_sectors" : 4059808,
      "read_merges" : 150,
      "write_merges" : 0,
      "read_ticks" : 32,
      "write_ticks" : 18812,
      "in_queue" : 18844,
      "util" : 67.427885
    }
  ]
}
