{
  "fio version" : "fio-3.42-29-gd569",
  "timestamp" : 1779442986,
  "timestamp_ms" : 1779442986732,
  "time" : "Fri May 22 18:43:06 2026",
  "jobs" : [
    {
      "jobname" : "rand_write_async",
      "groupid" : 0,
      "job_start" : 1779442978585,
      "error" : 0,
      "eta" : 0,
      "elapsed" : 9,
      "job options" : {
        "name" : "rand_write_async",
        "rw" : "randwrite",
        "ioengine" : "io_uring",
        "iodepth" : "32",
        "direct" : "1",
        "bs" : "4k",
        "size" : "2G",
        "filename" : "testfile.img"
      },
      "read" : {
        "io_bytes" : 0,
        "io_kbytes" : 0,
        "bw_bytes" : 0,
        "bw" : 0,
        "iops" : 0.000000,
        "runtime" : 0,
        "total_ios" : 0,
        "short_ios" : 0,
        "drop_ios" : 0,
        "slat_ns" : {
          "min" : 0,
          "max" : 0,
          "mean" : 0.000000,
          "stddev" : 0.000000,
          "N" : 0
        },
        "clat_ns" : {
          "min" : 0,
          "max" : 0,
          "mean" : 0.000000,
          "stddev" : 0.000000,
          "N" : 0
        },
        "lat_ns" : {
          "min" : 0,
          "max" : 0,
          "mean" : 0.000000,
          "stddev" : 0.000000,
          "N" : 0
        },
        "bw_min" : 0,
        "bw_max" : 0,
        "bw_agg" : 0.000000,
        "bw_mean" : 0.000000,
        "bw_dev" : 0.000000,
        "bw_samples" : 0,
        "iops_min" : 0,
        "iops_max" : 0,
        "iops_mean" : 0.000000,
        "iops_stddev" : 0.000000,
        "iops_samples" : 0
      },
      "write" : {
        "io_bytes" : 2147483648,
        "io_kbytes" : 2097152,
        "bw_bytes" : 267632558,
        "bw" : 261359,
        "iops" : 65339.980060,
        "runtime" : 8024,
        "total_ios" : 524288,
        "short_ios" : 0,
        "drop_ios" : 0,
        "slat_ns" : {
          "min" : 2324,
          "max" : 762360,
          "mean" : 6595.556973,
          "stddev" : 13531.504908,
          "N" : 524288
        },
        "clat_ns" : {
          "min" : 92433,
          "max" : 8307760,
          "mean" : 482493.512869,
          "stddev" : 145773.952863,
          "N" : 524288,
          "percentile" : {
            "1.000000" : 224256,
            "5.000000" : 305152,
            "10.000000" : 350208,
            "20.000000" : 399360,
            "30.000000" : 432128,
            "40.000000" : 456704,
            "50.000000" : 481280,
            "60.000000" : 505856,
            "70.000000" : 536576,
            "80.000000" : 561152,
            "90.000000" : 610304,
            "95.000000" : 651264,
            "99.000000" : 733184,
            "99.500000" : 765952,
            "99.900000" : 929792,
            "99.950000" : 1138688,
            "99.990000" : 7897088
          }
        },
        "lat_ns" : {
          "min" : 99530,
          "max" : 8310363,
          "mean" : 489089.069841,
          "stddev" : 144985.596019,
          "N" : 524288
        },
        "bw_min" : 249136,
        "bw_max" : 297784,
        "bw_agg" : 100.000000,
        "bw_mean" : 261503.000000,
        "bw_dev" : 11356.090924,
        "bw_samples" : 16,
        "iops_min" : 62284,
        "iops_max" : 74446,
        "iops_mean" : 65375.750000,
        "iops_stddev" : 2839.022731,
        "iops_samples" : 16
      },
      "trim" : {
        "io_bytes" : 0,
        "io_kbytes" : 0,
        "bw_bytes" : 0,
        "bw" : 0,
        "iops" : 0.000000,
        "runtime" : 0,
        "total_ios" : 0,
        "short_ios" : 0,
        "drop_ios" : 0,
        "slat_ns" : {
          "min" : 0,
          "max" : 0,
          "mean" : 0.000000,
          "stddev" : 0.000000,
          "N" : 0
        },
        "clat_ns" : {
          "min" : 0,
          "max" : 0,
          "mean" : 0.000000,
          "stddev" : 0.000000,
          "N" : 0
        },
        "lat_ns" : {
          "min" : 0,
          "max" : 0,
          "mean" : 0.000000,
          "stddev" : 0.000000,
          "N" : 0
        },
        "bw_min" : 0,
        "bw_max" : 0,
        "bw_agg" : 0.000000,
        "bw_mean" : 0.000000,
        "bw_dev" : 0.000000,
        "bw_samples" : 0,
        "iops_min" : 0,
        "iops_max" : 0,
        "iops_mean" : 0.000000,
        "iops_stddev" : 0.000000,
        "iops_samples" : 0
      },
      "sync" : {
        "total_ios" : 0,
        "lat_ns" : {
          "min" : 0,
          "max" : 0,
          "mean" : 0.000000,
          "stddev" : 0.000000,
          "N" : 0
        }
      },
      "job_runtime" : 8023,
      "usr_cpu" : 10.980930,
      "sys_cpu" : 44.771283,
      "ctx" : 73137,
      "majf" : 0,
      "minf" : 6,
      "iodepth_level" : {
        "1" : 0.100000,
        "2" : 0.100000,
        "4" : 0.100000,
        "8" : 0.100000,
        "16" : 0.100000,
        "32" : 99.994087,
        ">=64" : 0.000000
      },
      "iodepth_submit" : {
        "0" : 0.000000,
        "4" : 100.000000,
        "8" : 0.000000,
        "16" : 0.000000,
        "32" : 0.000000,
        "64" : 0.000000,
        ">=64" : 0.000000
      },
      "iodepth_complete" : {
        "0" : 0.000000,
        "4" : 99.999809,
        "8" : 0.000000,
        "16" : 0.000000,
        "32" : 0.100000,
        "64" : 0.000000,
        ">=64" : 0.000000
      },
      "latency_ns" : {
        "2" : 0.000000,
        "4" : 0.000000,
        "10" : 0.000000,
        "20" : 0.000000,
        "50" : 0.000000,
        "100" : 0.000000,
        "250" : 0.000000,
        "500" : 0.000000,
        "750" : 0.000000,
        "1000" : 0.000000
      },
      "latency_us" : {
        "2" : 0.000000,
        "4" : 0.000000,
        "10" : 0.000000,
        "20" : 0.000000,
        "50" : 0.000000,
        "100" : 0.010000,
        "250" : 1.832199,
        "500" : 55.343056,
        "750" : 42.105675,
        "1000" : 0.642967
      },
      "latency_ms" : {
        "2" : 0.055695,
        "4" : 0.000000,
        "10" : 0.018311,
        "20" : 0.000000,
        "50" : 0.000000,
        "100" : 0.000000,
        "250" : 0.000000,
        "500" : 0.000000,
        "750" : 0.000000,
        "1000" : 0.000000,
        "2000" : 0.000000,
        ">=2000" : 0.000000
      },
      "latency_depth" : 32,
      "latency_target" : 0,
      "latency_target_ns" : 0,
      "latency_percentile" : 100.000000,
      "latency_window" : 0,
      "latency_window_us" : 0
    }
  ],
  "disk_util" : [
    {
      "name" : "nvme0n1",
      "read_ios" : 0,
      "write_ios" : 516627,
      "read_sectors" : 0,
      "write_sectors" : 4134152,
      "read_merges" : 0,
      "write_merges" : 153,
      "read_ticks" : 0,
      "write_ticks" : 229213,
      "in_queue" : 229315,
      "util" : 77.873671
    }
  ]
}
