{
  "fio version" : "fio-3.42-29-gd569",
  "timestamp" : 1779698868,
  "timestamp_ms" : 1779698868799,
  "time" : "Mon May 25 17:47:48 2026",
  "jobs" : [
    {
      "jobname" : "rand_read_async_qd1",
      "groupid" : 0,
      "job_start" : 1779698840787,
      "error" : 0,
      "eta" : 0,
      "elapsed" : 29,
      "job options" : {
        "name" : "rand_read_async_qd1",
        "rw" : "randread",
        "ioengine" : "io_uring",
        "iodepth" : "1",
        "direct" : "1",
        "bs" : "4k",
        "size" : "2G",
        "filename" : "testfile.img"
      },
      "read" : {
        "io_bytes" : 2147483648,
        "io_kbytes" : 2097152,
        "bw_bytes" : 76899077,
        "bw" : 75096,
        "iops" : 18774.188928,
        "runtime" : 27926,
        "total_ios" : 524288,
        "short_ios" : 0,
        "drop_ios" : 0,
        "slat_ns" : {
          "min" : 2753,
          "max" : 1133331,
          "mean" : 3277.876526,
          "stddev" : 1929.214173,
          "N" : 524288
        },
        "clat_ns" : {
          "min" : 979,
          "max" : 859589,
          "mean" : 49394.688507,
          "stddev" : 20919.879467,
          "N" : 524288,
          "percentile" : {
            "1.000000" : 36608,
            "5.000000" : 39168,
            "10.000000" : 39680,
            "20.000000" : 39680,
            "30.000000" : 39680,
            "40.000000" : 40192,
            "50.000000" : 40192,
            "60.000000" : 40704,
            "70.000000" : 47360,
            "80.000000" : 48384,
            "90.000000" : 79360,
            "95.000000" : 86528,
            "99.000000" : 126464,
            "99.500000" : 136192,
            "99.900000" : 197632,
            "99.950000" : 272384,
            "99.990000" : 342016
          }
        },
        "lat_ns" : {
          "min" : 26058,
          "max" : 1412465,
          "mean" : 52672.565033,
          "stddev" : 21281.624080,
          "N" : 524288
        },
        "bw_min" : 58872,
        "bw_max" : 81440,
        "bw_agg" : 100.000000,
        "bw_mean" : 75134.254545,
        "bw_dev" : 9200.970730,
        "bw_samples" : 55,
        "iops_min" : 14718,
        "iops_max" : 20360,
        "iops_mean" : 18783.563636,
        "iops_stddev" : 2300.242683,
        "iops_samples" : 55
      },
      "write" : {
        "io_bytes" : 0,
        "io_kbytes" : 0,
        "bw_bytes" : 0,
        "bw" : 0,
        "iops" : 0.000000,
        "runtime" : 0,
        "total_ios" : 0,
        "short_ios" : 0,
        "drop_ios" : 0,
        "slat_ns" : {
          "min" : 0,
          "max" : 0,
          "mean" : 0.000000,
          "stddev" : 0.000000,
          "N" : 0
        },
        "clat_ns" : {
          "min" : 0,
          "max" : 0,
          "mean" : 0.000000,
          "stddev" : 0.000000,
          "N" : 0
        },
        "lat_ns" : {
          "min" : 0,
          "max" : 0,
          "mean" : 0.000000,
          "stddev" : 0.000000,
          "N" : 0
        },
        "bw_min" : 0,
        "bw_max" : 0,
        "bw_agg" : 0.000000,
        "bw_mean" : 0.000000,
        "bw_dev" : 0.000000,
        "bw_samples" : 0,
        "iops_min" : 0,
        "iops_max" : 0,
        "iops_mean" : 0.000000,
        "iops_stddev" : 0.000000,
        "iops_samples" : 0
      },
      "trim" : {
        "io_bytes" : 0,
        "io_kbytes" : 0,
        "bw_bytes" : 0,
        "bw" : 0,
        "iops" : 0.000000,
        "runtime" : 0,
        "total_ios" : 0,
        "short_ios" : 0,
        "drop_ios" : 0,
        "slat_ns" : {
          "min" : 0,
          "max" : 0,
          "mean" : 0.000000,
          "stddev" : 0.000000,
          "N" : 0
        },
        "clat_ns" : {
          "min" : 0,
          "max" : 0,
          "mean" : 0.000000,
          "stddev" : 0.000000,
          "N" : 0
        },
        "lat_ns" : {
          "min" : 0,
          "max" : 0,
          "mean" : 0.000000,
          "stddev" : 0.000000,
          "N" : 0
        },
        "bw_min" : 0,
        "bw_max" : 0,
        "bw_agg" : 0.000000,
        "bw_mean" : 0.000000,
        "bw_dev" : 0.000000,
        "bw_samples" : 0,
        "iops_min" : 0,
        "iops_max" : 0,
        "iops_mean" : 0.000000,
        "iops_stddev" : 0.000000,
        "iops_samples" : 0
      },
      "sync" : {
        "total_ios" : 0,
        "lat_ns" : {
          "min" : 0,
          "max" : 0,
          "mean" : 0.000000,
          "stddev" : 0.000000,
          "N" : 0
        }
      },
      "job_runtime" : 27925,
      "usr_cpu" : 3.910474,
      "sys_cpu" : 9.160251,
      "ctx" : 524300,
      "majf" : 0,
      "minf" : 9,
      "iodepth_level" : {
        "1" : 100.000000,
        "2" : 0.000000,
        "4" : 0.000000,
        "8" : 0.000000,
        "16" : 0.000000,
        "32" : 0.000000,
        ">=64" : 0.000000
      },
      "iodepth_submit" : {
        "0" : 0.000000,
        "4" : 100.000000,
        "8" : 0.000000,
        "16" : 0.000000,
        "32" : 0.000000,
        "64" : 0.000000,
        ">=64" : 0.000000
      },
      "iodepth_complete" : {
        "0" : 0.000000,
        "4" : 100.000000,
        "8" : 0.000000,
        "16" : 0.000000,
        "32" : 0.000000,
        "64" : 0.000000,
        ">=64" : 0.000000
      },
      "latency_ns" : {
        "2" : 0.000000,
        "4" : 0.000000,
        "10" : 0.000000,
        "20" : 0.000000,
        "50" : 0.000000,
        "100" : 0.000000,
        "250" : 0.000000,
        "500" : 0.000000,
        "750" : 0.000000,
        "1000" : 0.010000
      },
      "latency_us" : {
        "2" : 0.010000,
        "4" : 0.000000,
        "10" : 0.010000,
        "20" : 0.010000,
        "50" : 83.928490,
        "100" : 11.907959,
        "250" : 4.075813,
        "500" : 0.084114,
        "750" : 0.010000,
        "1000" : 0.010000
      },
      "latency_ms" : {
        "2" : 0.000000,
        "4" : 0.000000,
        "10" : 0.000000,
        "20" : 0.000000,
        "50" : 0.000000,
        "100" : 0.000000,
        "250" : 0.000000,
        "500" : 0.000000,
        "750" : 0.000000,
        "1000" : 0.000000,
        "2000" : 0.000000,
        ">=2000" : 0.000000
      },
      "latency_depth" : 1,
      "latency_target" : 0,
      "latency_target_ns" : 0,
      "latency_percentile" : 100.000000,
      "latency_window" : 0,
      "latency_window_us" : 0
    }
  ],
  "disk_util" : [
    {
      "name" : "nvme0n1",
      "read_ios" : 524113,
      "write_ios" : 75,
      "read_sectors" : 4192952,
      "write_sectors" : 1480,
      "read_merges" : 0,
      "write_merges" : 107,
      "read_ticks" : 25034,
      "write_ticks" : 28,
      "in_queue" : 25073,
      "util" : 88.476381
    }
  ]
}
