{
  "fio version" : "fio-3.42-29-gd569",
  "timestamp" : 1779507228,
  "timestamp_ms" : 1779507228080,
  "time" : "Sat May 23 12:33:48 2026",
  "jobs" : [
    {
      "jobname" : "rand_read_async",
      "groupid" : 0,
      "job_start" : 1779507221683,
      "error" : 0,
      "eta" : 0,
      "elapsed" : 7,
      "job options" : {
        "name" : "rand_read_async",
        "rw" : "randread",
        "ioengine" : "io_uring",
        "iodepth" : "32",
        "direct" : "1",
        "bs" : "4k",
        "size" : "5G",
        "filename" : "testfile.img"
      },
      "read" : {
        "io_bytes" : 5368709120,
        "io_kbytes" : 5242880,
        "bw_bytes" : 841754330,
        "bw" : 822025,
        "iops" : 205506.428347,
        "runtime" : 6378,
        "total_ios" : 1310720,
        "short_ios" : 0,
        "drop_ios" : 0,
        "slat_ns" : {
          "min" : 2162,
          "max" : 182002,
          "mean" : 3615.426768,
          "stddev" : 2327.734642,
          "N" : 1310720
        },
        "clat_ns" : {
          "min" : 39182,
          "max" : 7528256,
          "mean" : 151724.522918,
          "stddev" : 178783.388938,
          "N" : 1310720,
          "percentile" : {
            "1.000000" : 97792,
            "5.000000" : 107008,
            "10.000000" : 112128,
            "20.000000" : 120320,
            "30.000000" : 125440,
            "40.000000" : 129536,
            "50.000000" : 134144,
            "60.000000" : 138240,
            "70.000000" : 144384,
            "80.000000" : 152576,
            "90.000000" : 168960,
            "95.000000" : 185344,
            "99.000000" : 391168,
            "99.500000" : 1028096,
            "99.900000" : 2768896,
            "99.950000" : 3162112,
            "99.990000" : 4816896
          }
        },
        "lat_ns" : {
          "min" : 41957,
          "max" : 7530720,
          "mean" : 155339.949686,
          "stddev" : 178765.848990,
          "N" : 1310720
        },
        "bw_min" : 545120,
        "bw_max" : 924816,
        "bw_agg" : 99.767925,
        "bw_mean" : 820118.666667,
        "bw_dev" : 102499.364338,
        "bw_samples" : 12,
        "iops_min" : 136280,
        "iops_max" : 231204,
        "iops_mean" : 205029.666667,
        "iops_stddev" : 25624.841085,
        "iops_samples" : 12
      },
      "write" : {
        "io_bytes" : 0,
        "io_kbytes" : 0,
        "bw_bytes" : 0,
        "bw" : 0,
        "iops" : 0.000000,
        "runtime" : 0,
        "total_ios" : 0,
        "short_ios" : 0,
        "drop_ios" : 0,
        "slat_ns" : {
          "min" : 0,
          "max" : 0,
          "mean" : 0.000000,
          "stddev" : 0.000000,
          "N" : 0
        },
        "clat_ns" : {
          "min" : 0,
          "max" : 0,
          "mean" : 0.000000,
          "stddev" : 0.000000,
          "N" : 0
        },
        "lat_ns" : {
          "min" : 0,
          "max" : 0,
          "mean" : 0.000000,
          "stddev" : 0.000000,
          "N" : 0
        },
        "bw_min" : 0,
        "bw_max" : 0,
        "bw_agg" : 0.000000,
        "bw_mean" : 0.000000,
        "bw_dev" : 0.000000,
        "bw_samples" : 0,
        "iops_min" : 0,
        "iops_max" : 0,
        "iops_mean" : 0.000000,
        "iops_stddev" : 0.000000,
        "iops_samples" : 0
      },
      "trim" : {
        "io_bytes" : 0,
        "io_kbytes" : 0,
        "bw_bytes" : 0,
        "bw" : 0,
        "iops" : 0.000000,
        "runtime" : 0,
        "total_ios" : 0,
        "short_ios" : 0,
        "drop_ios" : 0,
        "slat_ns" : {
          "min" : 0,
          "max" : 0,
          "mean" : 0.000000,
          "stddev" : 0.000000,
          "N" : 0
        },
        "clat_ns" : {
          "min" : 0,
          "max" : 0,
          "mean" : 0.000000,
          "stddev" : 0.000000,
          "N" : 0
        },
        "lat_ns" : {
          "min" : 0,
          "max" : 0,
          "mean" : 0.000000,
          "stddev" : 0.000000,
          "N" : 0
        },
        "bw_min" : 0,
        "bw_max" : 0,
        "bw_agg" : 0.000000,
        "bw_mean" : 0.000000,
        "bw_dev" : 0.000000,
        "bw_samples" : 0,
        "iops_min" : 0,
        "iops_max" : 0,
        "iops_mean" : 0.000000,
        "iops_stddev" : 0.000000,
        "iops_samples" : 0
      },
      "sync" : {
        "total_ios" : 0,
        "lat_ns" : {
          "min" : 0,
          "max" : 0,
          "mean" : 0.000000,
          "stddev" : 0.000000,
          "N" : 0
        }
      },
      "job_runtime" : 6377,
      "usr_cpu" : 21.922534,
      "sys_cpu" : 65.124667,
      "ctx" : 35664,
      "majf" : 0,
      "minf" : 39,
      "iodepth_level" : {
        "1" : 0.100000,
        "2" : 0.100000,
        "4" : 0.100000,
        "8" : 0.100000,
        "16" : 0.100000,
        "32" : 99.997635,
        ">=64" : 0.000000
      },
      "iodepth_submit" : {
        "0" : 0.000000,
        "4" : 100.000000,
        "8" : 0.000000,
        "16" : 0.000000,
        "32" : 0.000000,
        "64" : 0.000000,
        ">=64" : 0.000000
      },
      "iodepth_complete" : {
        "0" : 0.000000,
        "4" : 99.999924,
        "8" : 0.000000,
        "16" : 0.000000,
        "32" : 0.100000,
        "64" : 0.000000,
        ">=64" : 0.000000
      },
      "latency_ns" : {
        "2" : 0.000000,
        "4" : 0.000000,
        "10" : 0.000000,
        "20" : 0.000000,
        "50" : 0.000000,
        "100" : 0.000000,
        "250" : 0.000000,
        "500" : 0.000000,
        "750" : 0.000000,
        "1000" : 0.000000
      },
      "latency_us" : {
        "2" : 0.000000,
        "4" : 0.000000,
        "10" : 0.000000,
        "20" : 0.000000,
        "50" : 0.010000,
        "100" : 1.610031,
        "250" : 96.975021,
        "500" : 0.585327,
        "750" : 0.256882,
        "1000" : 0.064621
      },
      "latency_ms" : {
        "2" : 0.107117,
        "4" : 0.375443,
        "10" : 0.022888,
        "20" : 0.000000,
        "50" : 0.000000,
        "100" : 0.000000,
        "250" : 0.000000,
        "500" : 0.000000,
        "750" : 0.000000,
        "1000" : 0.000000,
        "2000" : 0.000000,
        ">=2000" : 0.000000
      },
      "latency_depth" : 32,
      "latency_target" : 0,
      "latency_target_ns" : 0,
      "latency_percentile" : 100.000000,
      "latency_window" : 0,
      "latency_window_us" : 0
    }
  ],
  "disk_util" : [
    {
      "name" : "nvme0n1",
      "read_ios" : 1263372,
      "write_ios" : 2,
      "read_sectors" : 10106976,
      "write_sectors" : 112,
      "read_merges" : 0,
      "write_merges" : 12,
      "read_ticks" : 137367,
      "write_ticks" : 2,
      "in_queue" : 137369,
      "util" : 63.682946
    }
  ]
}
