{
  "fio version" : "fio-3.42-29-gd569",
  "timestamp" : 1779699400,
  "timestamp_ms" : 1779699400273,
  "time" : "Mon May 25 17:56:40 2026",
  "jobs" : [
    {
      "jobname" : "rand_read_async_qd8",
      "groupid" : 0,
      "job_start" : 1779699396877,
      "error" : 0,
      "eta" : 0,
      "elapsed" : 4,
      "job options" : {
        "name" : "rand_read_async_qd8",
        "rw" : "randread",
        "ioengine" : "io_uring",
        "iodepth" : "8",
        "direct" : "1",
        "bs" : "4k",
        "size" : "2G",
        "filename" : "testfile.img"
      },
      "read" : {
        "io_bytes" : 2147483648,
        "io_kbytes" : 2097152,
        "bw_bytes" : 639132038,
        "bw" : 624152,
        "iops" : 156038.095238,
        "runtime" : 3360,
        "total_ios" : 524288,
        "short_ios" : 0,
        "drop_ios" : 0,
        "slat_ns" : {
          "min" : 2188,
          "max" : 1152344,
          "mean" : 3238.604893,
          "stddev" : 2030.421376,
          "N" : 524288
        },
        "clat_ns" : {
          "min" : 16262,
          "max" : 450918,
          "mean" : 47629.318762,
          "stddev" : 11757.275340,
          "N" : 524288,
          "percentile" : {
            "1.000000" : 34560,
            "5.000000" : 36608,
            "10.000000" : 38144,
            "20.000000" : 40192,
            "30.000000" : 42240,
            "40.000000" : 44288,
            "50.000000" : 45824,
            "60.000000" : 47872,
            "70.000000" : 50432,
            "80.000000" : 53504,
            "90.000000" : 57600,
            "95.000000" : 61184,
            "99.000000" : 84480,
            "99.500000" : 107008,
            "99.900000" : 179200,
            "99.950000" : 230400,
            "99.990000" : 309248
          }
        },
        "lat_ns" : {
          "min" : 31696,
          "max" : 1379729,
          "mean" : 50867.923655,
          "stddev" : 11863.502753,
          "N" : 524288
        },
        "bw_min" : 596992,
        "bw_max" : 637224,
        "bw_agg" : 99.946747,
        "bw_mean" : 623820.000000,
        "bw_dev" : 15043.402807,
        "bw_samples" : 6,
        "iops_min" : 149248,
        "iops_max" : 159306,
        "iops_mean" : 155955.000000,
        "iops_stddev" : 3760.850702,
        "iops_samples" : 6
      },
      "write" : {
        "io_bytes" : 0,
        "io_kbytes" : 0,
        "bw_bytes" : 0,
        "bw" : 0,
        "iops" : 0.000000,
        "runtime" : 0,
        "total_ios" : 0,
        "short_ios" : 0,
        "drop_ios" : 0,
        "slat_ns" : {
          "min" : 0,
          "max" : 0,
          "mean" : 0.000000,
          "stddev" : 0.000000,
          "N" : 0
        },
        "clat_ns" : {
          "min" : 0,
          "max" : 0,
          "mean" : 0.000000,
          "stddev" : 0.000000,
          "N" : 0
        },
        "lat_ns" : {
          "min" : 0,
          "max" : 0,
          "mean" : 0.000000,
          "stddev" : 0.000000,
          "N" : 0
        },
        "bw_min" : 0,
        "bw_max" : 0,
        "bw_agg" : 0.000000,
        "bw_mean" : 0.000000,
        "bw_dev" : 0.000000,
        "bw_samples" : 0,
        "iops_min" : 0,
        "iops_max" : 0,
        "iops_mean" : 0.000000,
        "iops_stddev" : 0.000000,
        "iops_samples" : 0
      },
      "trim" : {
        "io_bytes" : 0,
        "io_kbytes" : 0,
        "bw_bytes" : 0,
        "bw" : 0,
        "iops" : 0.000000,
        "runtime" : 0,
        "total_ios" : 0,
        "short_ios" : 0,
        "drop_ios" : 0,
        "slat_ns" : {
          "min" : 0,
          "max" : 0,
          "mean" : 0.000000,
          "stddev" : 0.000000,
          "N" : 0
        },
        "clat_ns" : {
          "min" : 0,
          "max" : 0,
          "mean" : 0.000000,
          "stddev" : 0.000000,
          "N" : 0
        },
        "lat_ns" : {
          "min" : 0,
          "max" : 0,
          "mean" : 0.000000,
          "stddev" : 0.000000,
          "N" : 0
        },
        "bw_min" : 0,
        "bw_max" : 0,
        "bw_agg" : 0.000000,
        "bw_mean" : 0.000000,
        "bw_dev" : 0.000000,
        "bw_samples" : 0,
        "iops_min" : 0,
        "iops_max" : 0,
        "iops_mean" : 0.000000,
        "iops_stddev" : 0.000000,
        "iops_samples" : 0
      },
      "sync" : {
        "total_ios" : 0,
        "lat_ns" : {
          "min" : 0,
          "max" : 0,
          "mean" : 0.000000,
          "stddev" : 0.000000,
          "N" : 0
        }
      },
      "job_runtime" : 3359,
      "usr_cpu" : 21.315868,
      "sys_cpu" : 54.837749,
      "ctx" : 155997,
      "majf" : 0,
      "minf" : 14,
      "iodepth_level" : {
        "1" : 0.100000,
        "2" : 0.100000,
        "4" : 0.100000,
        "8" : 99.998665,
        "16" : 0.000000,
        "32" : 0.000000,
        ">=64" : 0.000000
      },
      "iodepth_submit" : {
        "0" : 0.000000,
        "4" : 100.000000,
        "8" : 0.000000,
        "16" : 0.000000,
        "32" : 0.000000,
        "64" : 0.000000,
        ">=64" : 0.000000
      },
      "iodepth_complete" : {
        "0" : 0.000000,
        "4" : 99.999809,
        "8" : 0.100000,
        "16" : 0.000000,
        "32" : 0.000000,
        "64" : 0.000000,
        ">=64" : 0.000000
      },
      "latency_ns" : {
        "2" : 0.000000,
        "4" : 0.000000,
        "10" : 0.000000,
        "20" : 0.000000,
        "50" : 0.000000,
        "100" : 0.000000,
        "250" : 0.000000,
        "500" : 0.000000,
        "750" : 0.000000,
        "1000" : 0.000000
      },
      "latency_us" : {
        "2" : 0.000000,
        "4" : 0.000000,
        "10" : 0.000000,
        "20" : 0.010000,
        "50" : 68.517303,
        "100" : 30.822372,
        "250" : 0.615883,
        "500" : 0.044060,
        "750" : 0.000000,
        "1000" : 0.000000
      },
      "latency_ms" : {
        "2" : 0.000000,
        "4" : 0.000000,
        "10" : 0.000000,
        "20" : 0.000000,
        "50" : 0.000000,
        "100" : 0.000000,
        "250" : 0.000000,
        "500" : 0.000000,
        "750" : 0.000000,
        "1000" : 0.000000,
        "2000" : 0.000000,
        ">=2000" : 0.000000
      },
      "latency_depth" : 8,
      "latency_target" : 0,
      "latency_target_ns" : 0,
      "latency_percentile" : 100.000000,
      "latency_window" : 0,
      "latency_window_us" : 0
    }
  ],
  "disk_util" : [
    {
      "name" : "nvme0n1",
      "read_ios" : 490601,
      "write_ios" : 2,
      "read_sectors" : 3924808,
      "write_sectors" : 136,
      "read_merges" : 0,
      "write_merges" : 15,
      "read_ticks" : 21817,
      "write_ticks" : 3,
      "in_queue" : 21821,
      "util" : 66.286595
    }
  ]
}
