{
  "fio version" : "fio-3.42-29-gd569",
  "timestamp" : 1779698975,
  "timestamp_ms" : 1779698975099,
  "time" : "Mon May 25 17:49:35 2026",
  "jobs" : [
    {
      "jobname" : "rand_write_async_qd2",
      "groupid" : 0,
      "job_start" : 1779698968096,
      "error" : 0,
      "eta" : 0,
      "elapsed" : 8,
      "job options" : {
        "name" : "rand_write_async_qd2",
        "rw" : "randwrite",
        "ioengine" : "io_uring",
        "iodepth" : "2",
        "direct" : "1",
        "bs" : "4k",
        "size" : "2G",
        "filename" : "testfile.img"
      },
      "read" : {
        "io_bytes" : 0,
        "io_kbytes" : 0,
        "bw_bytes" : 0,
        "bw" : 0,
        "iops" : 0.000000,
        "runtime" : 0,
        "total_ios" : 0,
        "short_ios" : 0,
        "drop_ios" : 0,
        "slat_ns" : {
          "min" : 0,
          "max" : 0,
          "mean" : 0.000000,
          "stddev" : 0.000000,
          "N" : 0
        },
        "clat_ns" : {
          "min" : 0,
          "max" : 0,
          "mean" : 0.000000,
          "stddev" : 0.000000,
          "N" : 0
        },
        "lat_ns" : {
          "min" : 0,
          "max" : 0,
          "mean" : 0.000000,
          "stddev" : 0.000000,
          "N" : 0
        },
        "bw_min" : 0,
        "bw_max" : 0,
        "bw_agg" : 0.000000,
        "bw_mean" : 0.000000,
        "bw_dev" : 0.000000,
        "bw_samples" : 0,
        "iops_min" : 0,
        "iops_max" : 0,
        "iops_mean" : 0.000000,
        "iops_stddev" : 0.000000,
        "iops_samples" : 0
      },
      "write" : {
        "io_bytes" : 2147483648,
        "io_kbytes" : 2097152,
        "bw_bytes" : 310959114,
        "bw" : 303671,
        "iops" : 75917.752679,
        "runtime" : 6906,
        "total_ios" : 524288,
        "short_ios" : 0,
        "drop_ios" : 0,
        "slat_ns" : {
          "min" : 2401,
          "max" : 441668,
          "mean" : 3248.177790,
          "stddev" : 1351.788063,
          "N" : 524288
        },
        "clat_ns" : {
          "min" : 129,
          "max" : 5811995,
          "mean" : 22623.550966,
          "stddev" : 21930.860980,
          "N" : 524288,
          "percentile" : {
            "1.000000" : 19072,
            "5.000000" : 20352,
            "10.000000" : 20864,
            "20.000000" : 21120,
            "30.000000" : 21120,
            "40.000000" : 21376,
            "50.000000" : 21888,
            "60.000000" : 22144,
            "70.000000" : 22400,
            "80.000000" : 22400,
            "90.000000" : 24448,
            "95.000000" : 26752,
            "99.000000" : 38656,
            "99.500000" : 55040,
            "99.900000" : 80384,
            "99.950000" : 88576,
            "99.990000" : 118272
          }
        },
        "lat_ns" : {
          "min" : 17870,
          "max" : 5815321,
          "mean" : 25871.728756,
          "stddev" : 21997.780615,
          "N" : 524288
        },
        "bw_min" : 296800,
        "bw_max" : 306696,
        "bw_agg" : 100.000000,
        "bw_mean" : 303837.538462,
        "bw_dev" : 2697.685694,
        "bw_samples" : 13,
        "iops_min" : 74200,
        "iops_max" : 76674,
        "iops_mean" : 75959.384615,
        "iops_stddev" : 674.421423,
        "iops_samples" : 13
      },
      "trim" : {
        "io_bytes" : 0,
        "io_kbytes" : 0,
        "bw_bytes" : 0,
        "bw" : 0,
        "iops" : 0.000000,
        "runtime" : 0,
        "total_ios" : 0,
        "short_ios" : 0,
        "drop_ios" : 0,
        "slat_ns" : {
          "min" : 0,
          "max" : 0,
          "mean" : 0.000000,
          "stddev" : 0.000000,
          "N" : 0
        },
        "clat_ns" : {
          "min" : 0,
          "max" : 0,
          "mean" : 0.000000,
          "stddev" : 0.000000,
          "N" : 0
        },
        "lat_ns" : {
          "min" : 0,
          "max" : 0,
          "mean" : 0.000000,
          "stddev" : 0.000000,
          "N" : 0
        },
        "bw_min" : 0,
        "bw_max" : 0,
        "bw_agg" : 0.000000,
        "bw_mean" : 0.000000,
        "bw_dev" : 0.000000,
        "bw_samples" : 0,
        "iops_min" : 0,
        "iops_max" : 0,
        "iops_mean" : 0.000000,
        "iops_stddev" : 0.000000,
        "iops_samples" : 0
      },
      "sync" : {
        "total_ios" : 0,
        "lat_ns" : {
          "min" : 0,
          "max" : 0,
          "mean" : 0.000000,
          "stddev" : 0.000000,
          "N" : 0
        }
      },
      "job_runtime" : 6905,
      "usr_cpu" : 14.207096,
      "sys_cpu" : 32.179580,
      "ctx" : 267453,
      "majf" : 0,
      "minf" : 7,
      "iodepth_level" : {
        "1" : 0.100000,
        "2" : 99.999809,
        "4" : 0.000000,
        "8" : 0.000000,
        "16" : 0.000000,
        "32" : 0.000000,
        ">=64" : 0.000000
      },
      "iodepth_submit" : {
        "0" : 0.000000,
        "4" : 100.000000,
        "8" : 0.000000,
        "16" : 0.000000,
        "32" : 0.000000,
        "64" : 0.000000,
        ">=64" : 0.000000
      },
      "iodepth_complete" : {
        "0" : 0.000000,
        "4" : 100.000000,
        "8" : 0.000000,
        "16" : 0.000000,
        "32" : 0.000000,
        "64" : 0.000000,
        ">=64" : 0.000000
      },
      "latency_ns" : {
        "2" : 0.000000,
        "4" : 0.000000,
        "10" : 0.000000,
        "20" : 0.000000,
        "50" : 0.000000,
        "100" : 0.000000,
        "250" : 0.010000,
        "500" : 0.000000,
        "750" : 0.000000,
        "1000" : 0.000000
      },
      "latency_us" : {
        "2" : 0.000000,
        "4" : 0.010000,
        "10" : 0.010000,
        "20" : 3.976059,
        "50" : 95.458412,
        "100" : 0.526619,
        "250" : 0.025368,
        "500" : 0.010000,
        "750" : 0.000000,
        "1000" : 0.000000
      },
      "latency_ms" : {
        "2" : 0.000000,
        "4" : 0.010000,
        "10" : 0.010000,
        "20" : 0.000000,
        "50" : 0.000000,
        "100" : 0.000000,
        "250" : 0.000000,
        "500" : 0.000000,
        "750" : 0.000000,
        "1000" : 0.000000,
        "2000" : 0.000000,
        ">=2000" : 0.000000
      },
      "latency_depth" : 2,
      "latency_target" : 0,
      "latency_target_ns" : 0,
      "latency_percentile" : 100.000000,
      "latency_window" : 0,
      "latency_window_us" : 0
    }
  ],
  "disk_util" : [
    {
      "name" : "nvme0n1",
      "read_ios" : 20,
      "write_ios" : 523672,
      "read_sectors" : 632,
      "write_sectors" : 4189536,
      "read_merges" : 59,
      "write_merges" : 20,
      "read_ticks" : 5,
      "write_ticks" : 9623,
      "in_queue" : 9630,
      "util" : 63.897627
    }
  ]
}
