{
  "fio version" : "fio-3.42-29-gd569",
  "timestamp" : 1779502828,
  "timestamp_ms" : 1779502828966,
  "time" : "Sat May 23 11:20:28 2026",
  "jobs" : [
    {
      "jobname" : "rand_read_async",
      "groupid" : 0,
      "job_start" : 1779502826569,
      "error" : 0,
      "eta" : 0,
      "elapsed" : 3,
      "job options" : {
        "name" : "rand_read_async",
        "rw" : "randread",
        "ioengine" : "io_uring",
        "iodepth" : "32",
        "direct" : "1",
        "bs" : "4k",
        "size" : "2G",
        "filename" : "testfile.img"
      },
      "read" : {
        "io_bytes" : 2147483648,
        "io_kbytes" : 2097152,
        "bw_bytes" : 948116400,
        "bw" : 925894,
        "iops" : 231473.730684,
        "runtime" : 2265,
        "total_ios" : 524288,
        "short_ios" : 0,
        "drop_ios" : 0,
        "slat_ns" : {
          "min" : 2150,
          "max" : 1140166,
          "mean" : 3696.873938,
          "stddev" : 2433.815356,
          "N" : 524288
        },
        "clat_ns" : {
          "min" : 43167,
          "max" : 1473727,
          "mean" : 134018.174101,
          "stddev" : 19256.973415,
          "N" : 524288,
          "percentile" : {
            "1.000000" : 108032,
            "5.000000" : 116224,
            "10.000000" : 119296,
            "20.000000" : 122368,
            "30.000000" : 125440,
            "40.000000" : 128512,
            "50.000000" : 132096,
            "60.000000" : 134144,
            "70.000000" : 138240,
            "80.000000" : 140288,
            "90.000000" : 146432,
            "95.000000" : 158720,
            "99.000000" : 211968,
            "99.500000" : 226304,
            "99.900000" : 268288,
            "99.950000" : 301056,
            "99.990000" : 518144
          }
        },
        "lat_ns" : {
          "min" : 46258,
          "max" : 1476094,
          "mean" : 137715.048038,
          "stddev" : 19256.097408,
          "N" : 524288
        },
        "bw_min" : 923416,
        "bw_max" : 933552,
        "bw_agg" : 100.000000,
        "bw_mean" : 927804.000000,
        "bw_dev" : 4700.536140,
        "bw_samples" : 4,
        "iops_min" : 230854,
        "iops_max" : 233388,
        "iops_mean" : 231951.000000,
        "iops_stddev" : 1175.134035,
        "iops_samples" : 4
      },
      "write" : {
        "io_bytes" : 0,
        "io_kbytes" : 0,
        "bw_bytes" : 0,
        "bw" : 0,
        "iops" : 0.000000,
        "runtime" : 0,
        "total_ios" : 0,
        "short_ios" : 0,
        "drop_ios" : 0,
        "slat_ns" : {
          "min" : 0,
          "max" : 0,
          "mean" : 0.000000,
          "stddev" : 0.000000,
          "N" : 0
        },
        "clat_ns" : {
          "min" : 0,
          "max" : 0,
          "mean" : 0.000000,
          "stddev" : 0.000000,
          "N" : 0
        },
        "lat_ns" : {
          "min" : 0,
          "max" : 0,
          "mean" : 0.000000,
          "stddev" : 0.000000,
          "N" : 0
        },
        "bw_min" : 0,
        "bw_max" : 0,
        "bw_agg" : 0.000000,
        "bw_mean" : 0.000000,
        "bw_dev" : 0.000000,
        "bw_samples" : 0,
        "iops_min" : 0,
        "iops_max" : 0,
        "iops_mean" : 0.000000,
        "iops_stddev" : 0.000000,
        "iops_samples" : 0
      },
      "trim" : {
        "io_bytes" : 0,
        "io_kbytes" : 0,
        "bw_bytes" : 0,
        "bw" : 0,
        "iops" : 0.000000,
        "runtime" : 0,
        "total_ios" : 0,
        "short_ios" : 0,
        "drop_ios" : 0,
        "slat_ns" : {
          "min" : 0,
          "max" : 0,
          "mean" : 0.000000,
          "stddev" : 0.000000,
          "N" : 0
        },
        "clat_ns" : {
          "min" : 0,
          "max" : 0,
          "mean" : 0.000000,
          "stddev" : 0.000000,
          "N" : 0
        },
        "lat_ns" : {
          "min" : 0,
          "max" : 0,
          "mean" : 0.000000,
          "stddev" : 0.000000,
          "N" : 0
        },
        "bw_min" : 0,
        "bw_max" : 0,
        "bw_agg" : 0.000000,
        "bw_mean" : 0.000000,
        "bw_dev" : 0.000000,
        "bw_samples" : 0,
        "iops_min" : 0,
        "iops_max" : 0,
        "iops_mean" : 0.000000,
        "iops_stddev" : 0.000000,
        "iops_samples" : 0
      },
      "sync" : {
        "total_ios" : 0,
        "lat_ns" : {
          "min" : 0,
          "max" : 0,
          "mean" : 0.000000,
          "stddev" : 0.000000,
          "N" : 0
        }
      },
      "job_runtime" : 2264,
      "usr_cpu" : 25.795053,
      "sys_cpu" : 72.128975,
      "ctx" : 1923,
      "majf" : 0,
      "minf" : 38,
      "iodepth_level" : {
        "1" : 0.100000,
        "2" : 0.100000,
        "4" : 0.100000,
        "8" : 0.100000,
        "16" : 0.100000,
        "32" : 99.994087,
        ">=64" : 0.000000
      },
      "iodepth_submit" : {
        "0" : 0.000000,
        "4" : 100.000000,
        "8" : 0.000000,
        "16" : 0.000000,
        "32" : 0.000000,
        "64" : 0.000000,
        ">=64" : 0.000000
      },
      "iodepth_complete" : {
        "0" : 0.000000,
        "4" : 99.999809,
        "8" : 0.000000,
        "16" : 0.000000,
        "32" : 0.100000,
        "64" : 0.000000,
        ">=64" : 0.000000
      },
      "latency_ns" : {
        "2" : 0.000000,
        "4" : 0.000000,
        "10" : 0.000000,
        "20" : 0.000000,
        "50" : 0.000000,
        "100" : 0.000000,
        "250" : 0.000000,
        "500" : 0.000000,
        "750" : 0.000000,
        "1000" : 0.000000
      },
      "latency_us" : {
        "2" : 0.000000,
        "4" : 0.000000,
        "10" : 0.000000,
        "20" : 0.000000,
        "50" : 0.010000,
        "100" : 0.333405,
        "250" : 99.489403,
        "500" : 0.160980,
        "750" : 0.010000,
        "1000" : 0.010000
      },
      "latency_ms" : {
        "2" : 0.010000,
        "4" : 0.000000,
        "10" : 0.000000,
        "20" : 0.000000,
        "50" : 0.000000,
        "100" : 0.000000,
        "250" : 0.000000,
        "500" : 0.000000,
        "750" : 0.000000,
        "1000" : 0.000000,
        "2000" : 0.000000,
        ">=2000" : 0.000000
      },
      "latency_depth" : 32,
      "latency_target" : 0,
      "latency_target_ns" : 0,
      "latency_percentile" : 100.000000,
      "latency_window" : 0,
      "latency_window_us" : 0
    }
  ],
  "disk_util" : [
    {
      "name" : "nvme0n1",
      "read_ios" : 497329,
      "write_ios" : 17,
      "read_sectors" : 3978960,
      "write_sectors" : 424,
      "read_merges" : 6,
      "write_merges" : 35,
      "read_ticks" : 30992,
      "write_ticks" : 8,
      "in_queue" : 31003,
      "util" : 69.011576
    }
  ]
}
