{
  "fio version" : "fio-3.42-29-gd569",
  "timestamp" : 1779502821,
  "timestamp_ms" : 1779502821237,
  "time" : "Sat May 23 11:20:21 2026",
  "jobs" : [
    {
      "jobname" : "rand_read_sync",
      "groupid" : 0,
      "job_start" : 1779502737340,
      "error" : 0,
      "eta" : 0,
      "elapsed" : 84,
      "job options" : {
        "name" : "rand_read_sync",
        "rw" : "randread",
        "ioengine" : "sync",
        "direct" : "1",
        "bs" : "4k",
        "size" : "2G",
        "filename" : "testfile.img"
      },
      "read" : {
        "io_bytes" : 2147483648,
        "io_kbytes" : 2097152,
        "bw_bytes" : 25621098,
        "bw" : 25020,
        "iops" : 6255.151103,
        "runtime" : 83817,
        "total_ios" : 524288,
        "short_ios" : 0,
        "drop_ios" : 0,
        "slat_ns" : {
          "min" : 0,
          "max" : 0,
          "mean" : 0.000000,
          "stddev" : 0.000000,
          "N" : 0
        },
        "clat_ns" : {
          "min" : 24973,
          "max" : 4647039,
          "mean" : 158367.029108,
          "stddev" : 132477.541138,
          "N" : 524288,
          "percentile" : {
            "1.000000" : 47872,
            "5.000000" : 50432,
            "10.000000" : 50432,
            "20.000000" : 50944,
            "30.000000" : 51456,
            "40.000000" : 58112,
            "50.000000" : 115200,
            "60.000000" : 125440,
            "70.000000" : 199680,
            "80.000000" : 276480,
            "90.000000" : 358400,
            "95.000000" : 419840,
            "99.000000" : 561152,
            "99.500000" : 618496,
            "99.900000" : 741376,
            "99.950000" : 790528,
            "99.990000" : 921600
          }
        },
        "lat_ns" : {
          "min" : 25005,
          "max" : 4647225,
          "mean" : 158433.018951,
          "stddev" : 132494.226723,
          "N" : 524288
        },
        "bw_min" : 18208,
        "bw_max" : 45080,
        "bw_agg" : 100.000000,
        "bw_mean" : 25037.604790,
        "bw_dev" : 5920.879877,
        "bw_samples" : 167,
        "iops_min" : 4552,
        "iops_max" : 11270,
        "iops_mean" : 6259.401198,
        "iops_stddev" : 1480.220197,
        "iops_samples" : 167
      },
      "write" : {
        "io_bytes" : 0,
        "io_kbytes" : 0,
        "bw_bytes" : 0,
        "bw" : 0,
        "iops" : 0.000000,
        "runtime" : 0,
        "total_ios" : 0,
        "short_ios" : 0,
        "drop_ios" : 0,
        "slat_ns" : {
          "min" : 0,
          "max" : 0,
          "mean" : 0.000000,
          "stddev" : 0.000000,
          "N" : 0
        },
        "clat_ns" : {
          "min" : 0,
          "max" : 0,
          "mean" : 0.000000,
          "stddev" : 0.000000,
          "N" : 0
        },
        "lat_ns" : {
          "min" : 0,
          "max" : 0,
          "mean" : 0.000000,
          "stddev" : 0.000000,
          "N" : 0
        },
        "bw_min" : 0,
        "bw_max" : 0,
        "bw_agg" : 0.000000,
        "bw_mean" : 0.000000,
        "bw_dev" : 0.000000,
        "bw_samples" : 0,
        "iops_min" : 0,
        "iops_max" : 0,
        "iops_mean" : 0.000000,
        "iops_stddev" : 0.000000,
        "iops_samples" : 0
      },
      "trim" : {
        "io_bytes" : 0,
        "io_kbytes" : 0,
        "bw_bytes" : 0,
        "bw" : 0,
        "iops" : 0.000000,
        "runtime" : 0,
        "total_ios" : 0,
        "short_ios" : 0,
        "drop_ios" : 0,
        "slat_ns" : {
          "min" : 0,
          "max" : 0,
          "mean" : 0.000000,
          "stddev" : 0.000000,
          "N" : 0
        },
        "clat_ns" : {
          "min" : 0,
          "max" : 0,
          "mean" : 0.000000,
          "stddev" : 0.000000,
          "N" : 0
        },
        "lat_ns" : {
          "min" : 0,
          "max" : 0,
          "mean" : 0.000000,
          "stddev" : 0.000000,
          "N" : 0
        },
        "bw_min" : 0,
        "bw_max" : 0,
        "bw_agg" : 0.000000,
        "bw_mean" : 0.000000,
        "bw_dev" : 0.000000,
        "bw_samples" : 0,
        "iops_min" : 0,
        "iops_max" : 0,
        "iops_mean" : 0.000000,
        "iops_stddev" : 0.000000,
        "iops_samples" : 0
      },
      "sync" : {
        "total_ios" : 0,
        "lat_ns" : {
          "min" : 0,
          "max" : 0,
          "mean" : 0.000000,
          "stddev" : 0.000000,
          "N" : 0
        }
      },
      "job_runtime" : 83816,
      "usr_cpu" : 1.638112,
      "sys_cpu" : 3.794025,
      "ctx" : 524294,
      "majf" : 0,
      "minf" : 7,
      "iodepth_level" : {
        "1" : 100.000000,
        "2" : 0.000000,
        "4" : 0.000000,
        "8" : 0.000000,
        "16" : 0.000000,
        "32" : 0.000000,
        ">=64" : 0.000000
      },
      "iodepth_submit" : {
        "0" : 0.000000,
        "4" : 100.000000,
        "8" : 0.000000,
        "16" : 0.000000,
        "32" : 0.000000,
        "64" : 0.000000,
        ">=64" : 0.000000
      },
      "iodepth_complete" : {
        "0" : 0.000000,
        "4" : 100.000000,
        "8" : 0.000000,
        "16" : 0.000000,
        "32" : 0.000000,
        "64" : 0.000000,
        ">=64" : 0.000000
      },
      "latency_ns" : {
        "2" : 0.000000,
        "4" : 0.000000,
        "10" : 0.000000,
        "20" : 0.000000,
        "50" : 0.000000,
        "100" : 0.000000,
        "250" : 0.000000,
        "500" : 0.000000,
        "750" : 0.000000,
        "1000" : 0.000000
      },
      "latency_us" : {
        "2" : 0.000000,
        "4" : 0.000000,
        "10" : 0.000000,
        "20" : 0.000000,
        "50" : 3.617287,
        "100" : 40.619278,
        "250" : 30.640411,
        "500" : 23.181534,
        "750" : 1.860046,
        "1000" : 0.075531
      },
      "latency_ms" : {
        "2" : 0.010000,
        "4" : 0.010000,
        "10" : 0.010000,
        "20" : 0.000000,
        "50" : 0.000000,
        "100" : 0.000000,
        "250" : 0.000000,
        "500" : 0.000000,
        "750" : 0.000000,
        "1000" : 0.000000,
        "2000" : 0.000000,
        ">=2000" : 0.000000
      },
      "latency_depth" : 1,
      "latency_target" : 0,
      "latency_target_ns" : 0,
      "latency_percentile" : 100.000000,
      "latency_window" : 0,
      "latency_window_us" : 0
    }
  ],
  "disk_util" : [
    {
      "name" : "nvme0n1",
      "read_ios" : 524381,
      "write_ios" : 546,
      "read_sectors" : 4228688,
      "write_sectors" : 23640,
      "read_merges" : 1804,
      "write_merges" : 526,
      "read_ticks" : 79688,
      "write_ticks" : 229,
      "in_queue" : 80010,
      "util" : 93.931392
    }
  ]
}
