{
  "fio version" : "fio-3.42-29-gd569",
  "timestamp" : 1779698779,
  "timestamp_ms" : 1779698779453,
  "time" : "Mon May 25 17:46:19 2026",
  "jobs" : [
    {
      "jobname" : "rand_write_async_qd1",
      "groupid" : 0,
      "job_start" : 1779698741807,
      "error" : 0,
      "eta" : 0,
      "elapsed" : 38,
      "job options" : {
        "name" : "rand_write_async_qd1",
        "rw" : "randwrite",
        "ioengine" : "io_uring",
        "iodepth" : "1",
        "direct" : "1",
        "bs" : "4k",
        "size" : "2G",
        "filename" : "testfile.img"
      },
      "read" : {
        "io_bytes" : 0,
        "io_kbytes" : 0,
        "bw_bytes" : 0,
        "bw" : 0,
        "iops" : 0.000000,
        "runtime" : 0,
        "total_ios" : 0,
        "short_ios" : 0,
        "drop_ios" : 0,
        "slat_ns" : {
          "min" : 0,
          "max" : 0,
          "mean" : 0.000000,
          "stddev" : 0.000000,
          "N" : 0
        },
        "clat_ns" : {
          "min" : 0,
          "max" : 0,
          "mean" : 0.000000,
          "stddev" : 0.000000,
          "N" : 0
        },
        "lat_ns" : {
          "min" : 0,
          "max" : 0,
          "mean" : 0.000000,
          "stddev" : 0.000000,
          "N" : 0
        },
        "bw_min" : 0,
        "bw_max" : 0,
        "bw_agg" : 0.000000,
        "bw_mean" : 0.000000,
        "bw_dev" : 0.000000,
        "bw_samples" : 0,
        "iops_min" : 0,
        "iops_max" : 0,
        "iops_mean" : 0.000000,
        "iops_stddev" : 0.000000,
        "iops_samples" : 0
      },
      "write" : {
        "io_bytes" : 2147483648,
        "io_kbytes" : 2097152,
        "bw_bytes" : 57237230,
        "bw" : 55895,
        "iops" : 13973.933207,
        "runtime" : 37519,
        "total_ios" : 524288,
        "short_ios" : 0,
        "drop_ios" : 0,
        "slat_ns" : {
          "min" : 2731,
          "max" : 1964556,
          "mean" : 4004.012295,
          "stddev" : 3556.608153,
          "N" : 524288
        },
        "clat_ns" : {
          "min" : 236,
          "max" : 7407310,
          "mean" : 66884.605171,
          "stddev" : 89665.009900,
          "N" : 524288,
          "percentile" : {
            "1.000000" : 18304,
            "5.000000" : 19328,
            "10.000000" : 19584,
            "20.000000" : 19840,
            "30.000000" : 19840,
            "40.000000" : 19840,
            "50.000000" : 20096,
            "60.000000" : 21376,
            "70.000000" : 74240,
            "80.000000" : 92672,
            "90.000000" : 168960,
            "95.000000" : 261120,
            "99.000000" : 415744,
            "99.500000" : 464896,
            "99.900000" : 585728,
            "99.950000" : 643072,
            "99.990000" : 782336
          }
        },
        "lat_ns" : {
          "min" : 18006,
          "max" : 7410872,
          "mean" : 70888.617466,
          "stddev" : 90067.244712,
          "N" : 524288
        },
        "bw_min" : 38336,
        "bw_max" : 80512,
        "bw_agg" : 100.000000,
        "bw_mean" : 55924.053333,
        "bw_dev" : 7653.290986,
        "bw_samples" : 75,
        "iops_min" : 9584,
        "iops_max" : 20128,
        "iops_mean" : 13981.013333,
        "iops_stddev" : 1913.322746,
        "iops_samples" : 75
      },
      "trim" : {
        "io_bytes" : 0,
        "io_kbytes" : 0,
        "bw_bytes" : 0,
        "bw" : 0,
        "iops" : 0.000000,
        "runtime" : 0,
        "total_ios" : 0,
        "short_ios" : 0,
        "drop_ios" : 0,
        "slat_ns" : {
          "min" : 0,
          "max" : 0,
          "mean" : 0.000000,
          "stddev" : 0.000000,
          "N" : 0
        },
        "clat_ns" : {
          "min" : 0,
          "max" : 0,
          "mean" : 0.000000,
          "stddev" : 0.000000,
          "N" : 0
        },
        "lat_ns" : {
          "min" : 0,
          "max" : 0,
          "mean" : 0.000000,
          "stddev" : 0.000000,
          "N" : 0
        },
        "bw_min" : 0,
        "bw_max" : 0,
        "bw_agg" : 0.000000,
        "bw_mean" : 0.000000,
        "bw_dev" : 0.000000,
        "bw_samples" : 0,
        "iops_min" : 0,
        "iops_max" : 0,
        "iops_mean" : 0.000000,
        "iops_stddev" : 0.000000,
        "iops_samples" : 0
      },
      "sync" : {
        "total_ios" : 0,
        "lat_ns" : {
          "min" : 0,
          "max" : 0,
          "mean" : 0.000000,
          "stddev" : 0.000000,
          "N" : 0
        }
      },
      "job_runtime" : 37518,
      "usr_cpu" : 3.574284,
      "sys_cpu" : 8.017485,
      "ctx" : 524285,
      "majf" : 0,
      "minf" : 8,
      "iodepth_level" : {
        "1" : 100.000000,
        "2" : 0.000000,
        "4" : 0.000000,
        "8" : 0.000000,
        "16" : 0.000000,
        "32" : 0.000000,
        ">=64" : 0.000000
      },
      "iodepth_submit" : {
        "0" : 0.000000,
        "4" : 100.000000,
        "8" : 0.000000,
        "16" : 0.000000,
        "32" : 0.000000,
        "64" : 0.000000,
        ">=64" : 0.000000
      },
      "iodepth_complete" : {
        "0" : 0.000000,
        "4" : 100.000000,
        "8" : 0.000000,
        "16" : 0.000000,
        "32" : 0.000000,
        "64" : 0.000000,
        ">=64" : 0.000000
      },
      "latency_ns" : {
        "2" : 0.000000,
        "4" : 0.000000,
        "10" : 0.000000,
        "20" : 0.000000,
        "50" : 0.000000,
        "100" : 0.000000,
        "250" : 0.010000,
        "500" : 0.000000,
        "750" : 0.010000,
        "1000" : 0.010000
      },
      "latency_us" : {
        "2" : 0.010000,
        "4" : 0.000000,
        "10" : 0.010000,
        "20" : 45.656013,
        "50" : 20.927048,
        "100" : 16.421127,
        "250" : 11.831665,
        "500" : 4.810715,
        "750" : 0.335503,
        "1000" : 0.012970
      },
      "latency_ms" : {
        "2" : 0.010000,
        "4" : 0.010000,
        "10" : 0.010000,
        "20" : 0.000000,
        "50" : 0.000000,
        "100" : 0.000000,
        "250" : 0.000000,
        "500" : 0.000000,
        "750" : 0.000000,
        "1000" : 0.000000,
        "2000" : 0.000000,
        ">=2000" : 0.000000
      },
      "latency_depth" : 1,
      "latency_target" : 0,
      "latency_target_ns" : 0,
      "latency_percentile" : 100.000000,
      "latency_window" : 0,
      "latency_window_us" : 0
    }
  ],
  "disk_util" : [
    {
      "name" : "nvme0n1",
      "read_ios" : 627,
      "write_ios" : 523149,
      "read_sectors" : 34328,
      "write_sectors" : 4200752,
      "read_merges" : 1539,
      "write_merges" : 270,
      "read_ticks" : 167,
      "write_ticks" : 34386,
      "in_queue" : 34663,
      "util" : 89.038903
    }
  ]
}
