{
  "fio version" : "fio-3.42-29-gd569",
  "timestamp" : 1779502732,
  "timestamp_ms" : 1779502732017,
  "time" : "Sat May 23 11:18:52 2026",
  "jobs" : [
    {
      "jobname" : "rand_write_async",
      "groupid" : 0,
      "job_start" : 1779502727371,
      "error" : 0,
      "eta" : 0,
      "elapsed" : 5,
      "job options" : {
        "name" : "rand_write_async",
        "rw" : "randwrite",
        "ioengine" : "io_uring",
        "iodepth" : "32",
        "direct" : "1",
        "bs" : "4k",
        "size" : "2G",
        "filename" : "testfile.img"
      },
      "read" : {
        "io_bytes" : 0,
        "io_kbytes" : 0,
        "bw_bytes" : 0,
        "bw" : 0,
        "iops" : 0.000000,
        "runtime" : 0,
        "total_ios" : 0,
        "short_ios" : 0,
        "drop_ios" : 0,
        "slat_ns" : {
          "min" : 0,
          "max" : 0,
          "mean" : 0.000000,
          "stddev" : 0.000000,
          "N" : 0
        },
        "clat_ns" : {
          "min" : 0,
          "max" : 0,
          "mean" : 0.000000,
          "stddev" : 0.000000,
          "N" : 0
        },
        "lat_ns" : {
          "min" : 0,
          "max" : 0,
          "mean" : 0.000000,
          "stddev" : 0.000000,
          "N" : 0
        },
        "bw_min" : 0,
        "bw_max" : 0,
        "bw_agg" : 0.000000,
        "bw_mean" : 0.000000,
        "bw_dev" : 0.000000,
        "bw_samples" : 0,
        "iops_min" : 0,
        "iops_max" : 0,
        "iops_mean" : 0.000000,
        "iops_stddev" : 0.000000,
        "iops_samples" : 0
      },
      "write" : {
        "io_bytes" : 2147483648,
        "io_kbytes" : 2097152,
        "bw_bytes" : 466033777,
        "bw" : 455111,
        "iops" : 113777.777778,
        "runtime" : 4608,
        "total_ios" : 524288,
        "short_ios" : 0,
        "drop_ios" : 0,
        "slat_ns" : {
          "min" : 931,
          "max" : 880344,
          "mean" : 3799.358839,
          "stddev" : 2213.114918,
          "N" : 524288
        },
        "clat_ns" : {
          "min" : 72254,
          "max" : 10894011,
          "mean" : 276929.499178,
          "stddev" : 544537.982782,
          "N" : 524288,
          "percentile" : {
            "1.000000" : 122368,
            "5.000000" : 132096,
            "10.000000" : 140288,
            "20.000000" : 173056,
            "30.000000" : 205824,
            "40.000000" : 216064,
            "50.000000" : 222208,
            "60.000000" : 230400,
            "70.000000" : 242688,
            "80.000000" : 259072,
            "90.000000" : 296960,
            "95.000000" : 321536,
            "99.000000" : 3194880,
            "99.500000" : 5406720,
            "99.900000" : 6193152,
            "99.950000" : 9109504,
            "99.990000" : 10289152
          }
        },
        "lat_ns" : {
          "min" : 74680,
          "max" : 10896649,
          "mean" : 280728.858017,
          "stddev" : 544511.821514,
          "N" : 524288
        },
        "bw_min" : 440056,
        "bw_max" : 509352,
        "bw_agg" : 100.000000,
        "bw_mean" : 455701.333333,
        "bw_dev" : 21376.397826,
        "bw_samples" : 9,
        "iops_min" : 110014,
        "iops_max" : 127338,
        "iops_mean" : 113925.333333,
        "iops_stddev" : 5344.099456,
        "iops_samples" : 9
      },
      "trim" : {
        "io_bytes" : 0,
        "io_kbytes" : 0,
        "bw_bytes" : 0,
        "bw" : 0,
        "iops" : 0.000000,
        "runtime" : 0,
        "total_ios" : 0,
        "short_ios" : 0,
        "drop_ios" : 0,
        "slat_ns" : {
          "min" : 0,
          "max" : 0,
          "mean" : 0.000000,
          "stddev" : 0.000000,
          "N" : 0
        },
        "clat_ns" : {
          "min" : 0,
          "max" : 0,
          "mean" : 0.000000,
          "stddev" : 0.000000,
          "N" : 0
        },
        "lat_ns" : {
          "min" : 0,
          "max" : 0,
          "mean" : 0.000000,
          "stddev" : 0.000000,
          "N" : 0
        },
        "bw_min" : 0,
        "bw_max" : 0,
        "bw_agg" : 0.000000,
        "bw_mean" : 0.000000,
        "bw_dev" : 0.000000,
        "bw_samples" : 0,
        "iops_min" : 0,
        "iops_max" : 0,
        "iops_mean" : 0.000000,
        "iops_stddev" : 0.000000,
        "iops_samples" : 0
      },
      "sync" : {
        "total_ios" : 0,
        "lat_ns" : {
          "min" : 0,
          "max" : 0,
          "mean" : 0.000000,
          "stddev" : 0.000000,
          "N" : 0
        }
      },
      "job_runtime" : 4607,
      "usr_cpu" : 17.733883,
      "sys_cpu" : 42.717604,
      "ctx" : 114082,
      "majf" : 0,
      "minf" : 6,
      "iodepth_level" : {
        "1" : 0.100000,
        "2" : 0.100000,
        "4" : 0.100000,
        "8" : 0.100000,
        "16" : 0.100000,
        "32" : 99.994087,
        ">=64" : 0.000000
      },
      "iodepth_submit" : {
        "0" : 0.000000,
        "4" : 100.000000,
        "8" : 0.000000,
        "16" : 0.000000,
        "32" : 0.000000,
        "64" : 0.000000,
        ">=64" : 0.000000
      },
      "iodepth_complete" : {
        "0" : 0.000000,
        "4" : 99.999809,
        "8" : 0.000000,
        "16" : 0.000000,
        "32" : 0.100000,
        "64" : 0.000000,
        ">=64" : 0.000000
      },
      "latency_ns" : {
        "2" : 0.000000,
        "4" : 0.000000,
        "10" : 0.000000,
        "20" : 0.000000,
        "50" : 0.000000,
        "100" : 0.000000,
        "250" : 0.000000,
        "500" : 0.000000,
        "750" : 0.000000,
        "1000" : 0.000000
      },
      "latency_us" : {
        "2" : 0.000000,
        "4" : 0.000000,
        "10" : 0.000000,
        "20" : 0.000000,
        "50" : 0.000000,
        "100" : 0.018883,
        "250" : 75.248337,
        "500" : 23.134422,
        "750" : 0.451851,
        "1000" : 0.084877
      },
      "latency_ms" : {
        "2" : 0.024033,
        "4" : 0.201416,
        "10" : 0.818062,
        "20" : 0.018120,
        "50" : 0.000000,
        "100" : 0.000000,
        "250" : 0.000000,
        "500" : 0.000000,
        "750" : 0.000000,
        "1000" : 0.000000,
        "2000" : 0.000000,
        ">=2000" : 0.000000
      },
      "latency_depth" : 32,
      "latency_target" : 0,
      "latency_target_ns" : 0,
      "latency_percentile" : 100.000000,
      "latency_window" : 0,
      "latency_window_us" : 0
    }
  ],
  "disk_util" : [
    {
      "name" : "nvme0n1",
      "read_ios" : 10,
      "write_ios" : 500993,
      "read_sectors" : 320,
      "write_sectors" : 4007944,
      "read_merges" : 30,
      "write_merges" : 0,
      "read_ticks" : 13,
      "write_ticks" : 129375,
      "in_queue" : 129389,
      "util" : 85.294772
    }
  ]
}
