{
  "fio version" : "fio-3.42-29-gd569",
  "timestamp" : 1779507209,
  "timestamp_ms" : 1779507209419,
  "time" : "Sat May 23 12:33:29 2026",
  "jobs" : [
    {
      "jobname" : "rand_write_async",
      "groupid" : 0,
      "job_start" : 1779507199772,
      "error" : 0,
      "eta" : 0,
      "elapsed" : 10,
      "job options" : {
        "name" : "rand_write_async",
        "rw" : "randwrite",
        "ioengine" : "io_uring",
        "iodepth" : "32",
        "direct" : "1",
        "bs" : "4k",
        "size" : "5G",
        "filename" : "testfile.img"
      },
      "read" : {
        "io_bytes" : 0,
        "io_kbytes" : 0,
        "bw_bytes" : 0,
        "bw" : 0,
        "iops" : 0.000000,
        "runtime" : 0,
        "total_ios" : 0,
        "short_ios" : 0,
        "drop_ios" : 0,
        "slat_ns" : {
          "min" : 0,
          "max" : 0,
          "mean" : 0.000000,
          "stddev" : 0.000000,
          "N" : 0
        },
        "clat_ns" : {
          "min" : 0,
          "max" : 0,
          "mean" : 0.000000,
          "stddev" : 0.000000,
          "N" : 0
        },
        "lat_ns" : {
          "min" : 0,
          "max" : 0,
          "mean" : 0.000000,
          "stddev" : 0.000000,
          "N" : 0
        },
        "bw_min" : 0,
        "bw_max" : 0,
        "bw_agg" : 0.000000,
        "bw_mean" : 0.000000,
        "bw_dev" : 0.000000,
        "bw_samples" : 0,
        "iops_min" : 0,
        "iops_max" : 0,
        "iops_mean" : 0.000000,
        "iops_stddev" : 0.000000,
        "iops_samples" : 0
      },
      "write" : {
        "io_bytes" : 5368709120,
        "io_kbytes" : 5242880,
        "bw_bytes" : 564711172,
        "bw" : 551475,
        "iops" : 137868.938677,
        "runtime" : 9507,
        "total_ios" : 1310720,
        "short_ios" : 0,
        "drop_ios" : 0,
        "slat_ns" : {
          "min" : 2275,
          "max" : 274332,
          "mean" : 4964.504994,
          "stddev" : 3272.273776,
          "N" : 1310720
        },
        "clat_ns" : {
          "min" : 25400,
          "max" : 13363286,
          "mean" : 226589.487029,
          "stddev" : 438669.995767,
          "N" : 1310720,
          "percentile" : {
            "1.000000" : 134144,
            "5.000000" : 144384,
            "10.000000" : 150528,
            "20.000000" : 156672,
            "30.000000" : 162816,
            "40.000000" : 166912,
            "50.000000" : 171008,
            "60.000000" : 177152,
            "70.000000" : 197632,
            "80.000000" : 230400,
            "90.000000" : 268288,
            "95.000000" : 305152,
            "99.000000" : 1011712,
            "99.500000" : 2375680,
            "99.900000" : 8585216,
            "99.950000" : 9240576,
            "99.990000" : 10158080
          }
        },
        "lat_ns" : {
          "min" : 30483,
          "max" : 13366365,
          "mean" : 231553.992023,
          "stddev" : 438557.089995,
          "N" : 1310720
        },
        "bw_min" : 431904,
        "bw_max" : 722152,
        "bw_agg" : 100.000000,
        "bw_mean" : 551749.052632,
        "bw_dev" : 110666.336809,
        "bw_samples" : 19,
        "iops_min" : 107976,
        "iops_max" : 180538,
        "iops_mean" : 137937.263158,
        "iops_stddev" : 27666.584202,
        "iops_samples" : 19
      },
      "trim" : {
        "io_bytes" : 0,
        "io_kbytes" : 0,
        "bw_bytes" : 0,
        "bw" : 0,
        "iops" : 0.000000,
        "runtime" : 0,
        "total_ios" : 0,
        "short_ios" : 0,
        "drop_ios" : 0,
        "slat_ns" : {
          "min" : 0,
          "max" : 0,
          "mean" : 0.000000,
          "stddev" : 0.000000,
          "N" : 0
        },
        "clat_ns" : {
          "min" : 0,
          "max" : 0,
          "mean" : 0.000000,
          "stddev" : 0.000000,
          "N" : 0
        },
        "lat_ns" : {
          "min" : 0,
          "max" : 0,
          "mean" : 0.000000,
          "stddev" : 0.000000,
          "N" : 0
        },
        "bw_min" : 0,
        "bw_max" : 0,
        "bw_agg" : 0.000000,
        "bw_mean" : 0.000000,
        "bw_dev" : 0.000000,
        "bw_samples" : 0,
        "iops_min" : 0,
        "iops_max" : 0,
        "iops_mean" : 0.000000,
        "iops_stddev" : 0.000000,
        "iops_samples" : 0
      },
      "sync" : {
        "total_ios" : 0,
        "lat_ns" : {
          "min" : 0,
          "max" : 0,
          "mean" : 0.000000,
          "stddev" : 0.000000,
          "N" : 0
        }
      },
      "job_runtime" : 9506,
      "usr_cpu" : 20.734273,
      "sys_cpu" : 59.499264,
      "ctx" : 41331,
      "majf" : 0,
      "minf" : 7,
      "iodepth_level" : {
        "1" : 0.100000,
        "2" : 0.100000,
        "4" : 0.100000,
        "8" : 0.100000,
        "16" : 0.100000,
        "32" : 99.997635,
        ">=64" : 0.000000
      },
      "iodepth_submit" : {
        "0" : 0.000000,
        "4" : 100.000000,
        "8" : 0.000000,
        "16" : 0.000000,
        "32" : 0.000000,
        "64" : 0.000000,
        ">=64" : 0.000000
      },
      "iodepth_complete" : {
        "0" : 0.000000,
        "4" : 99.999924,
        "8" : 0.000000,
        "16" : 0.000000,
        "32" : 0.100000,
        "64" : 0.000000,
        ">=64" : 0.000000
      },
      "latency_ns" : {
        "2" : 0.000000,
        "4" : 0.000000,
        "10" : 0.000000,
        "20" : 0.000000,
        "50" : 0.000000,
        "100" : 0.000000,
        "250" : 0.000000,
        "500" : 0.000000,
        "750" : 0.000000,
        "1000" : 0.000000
      },
      "latency_us" : {
        "2" : 0.000000,
        "4" : 0.000000,
        "10" : 0.000000,
        "20" : 0.000000,
        "50" : 0.010000,
        "100" : 0.045471,
        "250" : 85.335236,
        "500" : 13.216171,
        "750" : 0.234070,
        "1000" : 0.160217
      },
      "latency_ms" : {
        "2" : 0.436478,
        "4" : 0.232086,
        "10" : 0.327682,
        "20" : 0.012207,
        "50" : 0.000000,
        "100" : 0.000000,
        "250" : 0.000000,
        "500" : 0.000000,
        "750" : 0.000000,
        "1000" : 0.000000,
        "2000" : 0.000000,
        ">=2000" : 0.000000
      },
      "latency_depth" : 32,
      "latency_target" : 0,
      "latency_target_ns" : 0,
      "latency_percentile" : 100.000000,
      "latency_window" : 0,
      "latency_window_us" : 0
    }
  ],
  "disk_util" : [
    {
      "name" : "nvme0n1",
      "read_ios" : 0,
      "write_ios" : 1295834,
      "read_sectors" : 0,
      "write_sectors" : 10366840,
      "read_merges" : 0,
      "write_merges" : 20,
      "read_ticks" : 0,
      "write_ticks" : 129647,
      "in_queue" : 129655,
      "util" : 81.618034
    }
  ]
}
