{
  "fio version" : "fio-3.42-29-gd569",
  "timestamp" : 1779699777,
  "timestamp_ms" : 1779699777609,
  "time" : "Mon May 25 18:02:57 2026",
  "jobs" : [
    {
      "jobname" : "rand_write_async_qd64",
      "groupid" : 0,
      "job_start" : 1779699774606,
      "error" : 0,
      "eta" : 0,
      "elapsed" : 4,
      "job options" : {
        "name" : "rand_write_async_qd64",
        "rw" : "randwrite",
        "ioengine" : "io_uring",
        "iodepth" : "64",
        "direct" : "1",
        "bs" : "4k",
        "size" : "2G",
        "filename" : "testfile.img"
      },
      "read" : {
        "io_bytes" : 0,
        "io_kbytes" : 0,
        "bw_bytes" : 0,
        "bw" : 0,
        "iops" : 0.000000,
        "runtime" : 0,
        "total_ios" : 0,
        "short_ios" : 0,
        "drop_ios" : 0,
        "slat_ns" : {
          "min" : 0,
          "max" : 0,
          "mean" : 0.000000,
          "stddev" : 0.000000,
          "N" : 0
        },
        "clat_ns" : {
          "min" : 0,
          "max" : 0,
          "mean" : 0.000000,
          "stddev" : 0.000000,
          "N" : 0
        },
        "lat_ns" : {
          "min" : 0,
          "max" : 0,
          "mean" : 0.000000,
          "stddev" : 0.000000,
          "N" : 0
        },
        "bw_min" : 0,
        "bw_max" : 0,
        "bw_agg" : 0.000000,
        "bw_mean" : 0.000000,
        "bw_dev" : 0.000000,
        "bw_samples" : 0,
        "iops_min" : 0,
        "iops_max" : 0,
        "iops_mean" : 0.000000,
        "iops_stddev" : 0.000000,
        "iops_samples" : 0
      },
      "write" : {
        "io_bytes" : 2147483648,
        "io_kbytes" : 2097152,
        "bw_bytes" : 739491614,
        "bw" : 722159,
        "iops" : 180539.944904,
        "runtime" : 2904,
        "total_ios" : 524288,
        "short_ios" : 0,
        "drop_ios" : 0,
        "slat_ns" : {
          "min" : 947,
          "max" : 935705,
          "mean" : 3960.154350,
          "stddev" : 7787.983598,
          "N" : 524288
        },
        "clat_ns" : {
          "min" : 144300,
          "max" : 9563065,
          "mean" : 349973.387022,
          "stddev" : 236348.453662,
          "N" : 524288,
          "percentile" : {
            "1.000000" : 199680,
            "5.000000" : 220160,
            "10.000000" : 238592,
            "20.000000" : 254976,
            "30.000000" : 264192,
            "40.000000" : 284672,
            "50.000000" : 313344,
            "60.000000" : 337920,
            "70.000000" : 374784,
            "80.000000" : 419840,
            "90.000000" : 485376,
            "95.000000" : 544768,
            "99.000000" : 684032,
            "99.500000" : 872448,
            "99.900000" : 3784704,
            "99.950000" : 3948544,
            "99.990000" : 9371648
          }
        },
        "lat_ns" : {
          "min" : 146780,
          "max" : 9565436,
          "mean" : 353933.541372,
          "stddev" : 236233.349939,
          "N" : 524288
        },
        "bw_min" : 711744,
        "bw_max" : 750112,
        "bw_agg" : 100.000000,
        "bw_mean" : 725772.800000,
        "bw_dev" : 14813.104037,
        "bw_samples" : 5,
        "iops_min" : 177936,
        "iops_max" : 187528,
        "iops_mean" : 181443.200000,
        "iops_stddev" : 3703.276009,
        "iops_samples" : 5
      },
      "trim" : {
        "io_bytes" : 0,
        "io_kbytes" : 0,
        "bw_bytes" : 0,
        "bw" : 0,
        "iops" : 0.000000,
        "runtime" : 0,
        "total_ios" : 0,
        "short_ios" : 0,
        "drop_ios" : 0,
        "slat_ns" : {
          "min" : 0,
          "max" : 0,
          "mean" : 0.000000,
          "stddev" : 0.000000,
          "N" : 0
        },
        "clat_ns" : {
          "min" : 0,
          "max" : 0,
          "mean" : 0.000000,
          "stddev" : 0.000000,
          "N" : 0
        },
        "lat_ns" : {
          "min" : 0,
          "max" : 0,
          "mean" : 0.000000,
          "stddev" : 0.000000,
          "N" : 0
        },
        "bw_min" : 0,
        "bw_max" : 0,
        "bw_agg" : 0.000000,
        "bw_mean" : 0.000000,
        "bw_dev" : 0.000000,
        "bw_samples" : 0,
        "iops_min" : 0,
        "iops_max" : 0,
        "iops_mean" : 0.000000,
        "iops_stddev" : 0.000000,
        "iops_samples" : 0
      },
      "sync" : {
        "total_ios" : 0,
        "lat_ns" : {
          "min" : 0,
          "max" : 0,
          "mean" : 0.000000,
          "stddev" : 0.000000,
          "N" : 0
        }
      },
      "job_runtime" : 2903,
      "usr_cpu" : 21.805029,
      "sys_cpu" : 61.384774,
      "ctx" : 4833,
      "majf" : 0,
      "minf" : 6,
      "iodepth_level" : {
        "1" : 0.100000,
        "2" : 0.100000,
        "4" : 0.100000,
        "8" : 0.100000,
        "16" : 0.100000,
        "32" : 0.100000,
        ">=64" : 99.987984
      },
      "iodepth_submit" : {
        "0" : 0.000000,
        "4" : 100.000000,
        "8" : 0.000000,
        "16" : 0.000000,
        "32" : 0.000000,
        "64" : 0.000000,
        ">=64" : 0.000000
      },
      "iodepth_complete" : {
        "0" : 0.000000,
        "4" : 99.999809,
        "8" : 0.000000,
        "16" : 0.000000,
        "32" : 0.000000,
        "64" : 0.100000,
        ">=64" : 0.000000
      },
      "latency_ns" : {
        "2" : 0.000000,
        "4" : 0.000000,
        "10" : 0.000000,
        "20" : 0.000000,
        "50" : 0.000000,
        "100" : 0.000000,
        "250" : 0.000000,
        "500" : 0.000000,
        "750" : 0.000000,
        "1000" : 0.000000
      },
      "latency_us" : {
        "2" : 0.000000,
        "4" : 0.000000,
        "10" : 0.000000,
        "20" : 0.000000,
        "50" : 0.000000,
        "100" : 0.000000,
        "250" : 16.005898,
        "500" : 75.539017,
        "750" : 7.736015,
        "1000" : 0.277138
      },
      "latency_ms" : {
        "2" : 0.112343,
        "4" : 0.288773,
        "10" : 0.040817,
        "20" : 0.000000,
        "50" : 0.000000,
        "100" : 0.000000,
        "250" : 0.000000,
        "500" : 0.000000,
        "750" : 0.000000,
        "1000" : 0.000000,
        "2000" : 0.000000,
        ">=2000" : 0.000000
      },
      "latency_depth" : 64,
      "latency_target" : 0,
      "latency_target_ns" : 0,
      "latency_percentile" : 100.000000,
      "latency_window" : 0,
      "latency_window_us" : 0
    }
  ],
  "disk_util" : [
    {
      "name" : "nvme0n1",
      "read_ios" : 64,
      "write_ios" : 522581,
      "read_sectors" : 3568,
      "write_sectors" : 4181056,
      "read_merges" : 55,
      "write_merges" : 45,
      "read_ticks" : 23,
      "write_ticks" : 104425,
      "in_queue" : 104464,
      "util" : 48.681135
    }
  ]
}
