{
  "fio version" : "fio-3.42-29-gd569",
  "timestamp" : 1779700201,
  "timestamp_ms" : 1779700201936,
  "time" : "Mon May 25 18:10:01 2026",
  "jobs" : [
    {
      "jobname" : "seq_to_rand_qd32",
      "groupid" : 0,
      "job_start" : 1779700199539,
      "error" : 0,
      "eta" : 0,
      "elapsed" : 3,
      "job options" : {
        "name" : "seq_to_rand_qd32",
        "rw" : "randread",
        "ioengine" : "io_uring",
        "iodepth" : "32",
        "direct" : "1",
        "bs" : "4k",
        "size" : "2G",
        "filename" : "testfile.img"
      },
      "read" : {
        "io_bytes" : 2147483648,
        "io_kbytes" : 2097152,
        "bw_bytes" : 919299506,
        "bw" : 897753,
        "iops" : 224438.356164,
        "runtime" : 2336,
        "total_ios" : 524288,
        "short_ios" : 0,
        "drop_ios" : 0,
        "slat_ns" : {
          "min" : 2207,
          "max" : 978726,
          "mean" : 3585.410891,
          "stddev" : 2472.746620,
          "N" : 524288
        },
        "clat_ns" : {
          "min" : 40447,
          "max" : 567619,
          "mean" : 138439.618053,
          "stddev" : 49216.233520,
          "N" : 524288,
          "percentile" : {
            "1.000000" : 78336,
            "5.000000" : 86528,
            "10.000000" : 91648,
            "20.000000" : 99840,
            "30.000000" : 107008,
            "40.000000" : 115200,
            "50.000000" : 125440,
            "60.000000" : 136192,
            "70.000000" : 150528,
            "80.000000" : 171008,
            "90.000000" : 203776,
            "95.000000" : 236544,
            "99.000000" : 309248,
            "99.500000" : 342016,
            "99.900000" : 403456,
            "99.950000" : 428032,
            "99.990000" : 485376
          }
        },
        "lat_ns" : {
          "min" : 43647,
          "max" : 1148264,
          "mean" : 142025.028944,
          "stddev" : 49233.797482,
          "N" : 524288
        },
        "bw_min" : 897776,
        "bw_max" : 901616,
        "bw_agg" : 100.000000,
        "bw_mean" : 900092.000000,
        "bw_dev" : 1766.164960,
        "bw_samples" : 4,
        "iops_min" : 224444,
        "iops_max" : 225404,
        "iops_mean" : 225023.000000,
        "iops_stddev" : 441.541240,
        "iops_samples" : 4
      },
      "write" : {
        "io_bytes" : 0,
        "io_kbytes" : 0,
        "bw_bytes" : 0,
        "bw" : 0,
        "iops" : 0.000000,
        "runtime" : 0,
        "total_ios" : 0,
        "short_ios" : 0,
        "drop_ios" : 0,
        "slat_ns" : {
          "min" : 0,
          "max" : 0,
          "mean" : 0.000000,
          "stddev" : 0.000000,
          "N" : 0
        },
        "clat_ns" : {
          "min" : 0,
          "max" : 0,
          "mean" : 0.000000,
          "stddev" : 0.000000,
          "N" : 0
        },
        "lat_ns" : {
          "min" : 0,
          "max" : 0,
          "mean" : 0.000000,
          "stddev" : 0.000000,
          "N" : 0
        },
        "bw_min" : 0,
        "bw_max" : 0,
        "bw_agg" : 0.000000,
        "bw_mean" : 0.000000,
        "bw_dev" : 0.000000,
        "bw_samples" : 0,
        "iops_min" : 0,
        "iops_max" : 0,
        "iops_mean" : 0.000000,
        "iops_stddev" : 0.000000,
        "iops_samples" : 0
      },
      "trim" : {
        "io_bytes" : 0,
        "io_kbytes" : 0,
        "bw_bytes" : 0,
        "bw" : 0,
        "iops" : 0.000000,
        "runtime" : 0,
        "total_ios" : 0,
        "short_ios" : 0,
        "drop_ios" : 0,
        "slat_ns" : {
          "min" : 0,
          "max" : 0,
          "mean" : 0.000000,
          "stddev" : 0.000000,
          "N" : 0
        },
        "clat_ns" : {
          "min" : 0,
          "max" : 0,
          "mean" : 0.000000,
          "stddev" : 0.000000,
          "N" : 0
        },
        "lat_ns" : {
          "min" : 0,
          "max" : 0,
          "mean" : 0.000000,
          "stddev" : 0.000000,
          "N" : 0
        },
        "bw_min" : 0,
        "bw_max" : 0,
        "bw_agg" : 0.000000,
        "bw_mean" : 0.000000,
        "bw_dev" : 0.000000,
        "bw_samples" : 0,
        "iops_min" : 0,
        "iops_max" : 0,
        "iops_mean" : 0.000000,
        "iops_stddev" : 0.000000,
        "iops_samples" : 0
      },
      "sync" : {
        "total_ios" : 0,
        "lat_ns" : {
          "min" : 0,
          "max" : 0,
          "mean" : 0.000000,
          "stddev" : 0.000000,
          "N" : 0
        }
      },
      "job_runtime" : 2335,
      "usr_cpu" : 29.079229,
      "sys_cpu" : 68.308351,
      "ctx" : 9371,
      "majf" : 0,
      "minf" : 38,
      "iodepth_level" : {
        "1" : 0.100000,
        "2" : 0.100000,
        "4" : 0.100000,
        "8" : 0.100000,
        "16" : 0.100000,
        "32" : 99.994087,
        ">=64" : 0.000000
      },
      "iodepth_submit" : {
        "0" : 0.000000,
        "4" : 100.000000,
        "8" : 0.000000,
        "16" : 0.000000,
        "32" : 0.000000,
        "64" : 0.000000,
        ">=64" : 0.000000
      },
      "iodepth_complete" : {
        "0" : 0.000000,
        "4" : 99.999809,
        "8" : 0.000000,
        "16" : 0.000000,
        "32" : 0.100000,
        "64" : 0.000000,
        ">=64" : 0.000000
      },
      "latency_ns" : {
        "2" : 0.000000,
        "4" : 0.000000,
        "10" : 0.000000,
        "20" : 0.000000,
        "50" : 0.000000,
        "100" : 0.000000,
        "250" : 0.000000,
        "500" : 0.000000,
        "750" : 0.000000,
        "1000" : 0.000000
      },
      "latency_us" : {
        "2" : 0.000000,
        "4" : 0.000000,
        "10" : 0.000000,
        "20" : 0.000000,
        "50" : 0.010000,
        "100" : 20.431519,
        "250" : 75.849152,
        "500" : 3.709984,
        "750" : 0.010000,
        "1000" : 0.000000
      },
      "latency_ms" : {
        "2" : 0.000000,
        "4" : 0.000000,
        "10" : 0.000000,
        "20" : 0.000000,
        "50" : 0.000000,
        "100" : 0.000000,
        "250" : 0.000000,
        "500" : 0.000000,
        "750" : 0.000000,
        "1000" : 0.000000,
        "2000" : 0.000000,
        ">=2000" : 0.000000
      },
      "latency_depth" : 32,
      "latency_target" : 0,
      "latency_target_ns" : 0,
      "latency_percentile" : 100.000000,
      "latency_window" : 0,
      "latency_window_us" : 0
    }
  ],
  "disk_util" : [
    {
      "name" : "nvme0n1",
      "read_ios" : 482557,
      "write_ios" : 0,
      "read_sectors" : 3861656,
      "write_sectors" : 0,
      "read_merges" : 150,
      "write_merges" : 0,
      "read_ticks" : 56372,
      "write_ticks" : 0,
      "in_queue" : 56372,
      "util" : 61.442565
    }
  ]
}
