{
  "fio version" : "fio-3.42-29-gd569",
  "timestamp" : 1779699704,
  "timestamp_ms" : 1779699704533,
  "time" : "Mon May 25 18:01:44 2026",
  "jobs" : [
    {
      "jobname" : "seq_write_async_qd64",
      "groupid" : 0,
      "job_start" : 1779699701136,
      "error" : 0,
      "eta" : 0,
      "elapsed" : 4,
      "job options" : {
        "name" : "seq_write_async_qd64",
        "rw" : "write",
        "ioengine" : "io_uring",
        "iodepth" : "64",
        "direct" : "1",
        "bs" : "4k",
        "size" : "2G",
        "filename" : "testfile.img"
      },
      "read" : {
        "io_bytes" : 0,
        "io_kbytes" : 0,
        "bw_bytes" : 0,
        "bw" : 0,
        "iops" : 0.000000,
        "runtime" : 0,
        "total_ios" : 0,
        "short_ios" : 0,
        "drop_ios" : 0,
        "slat_ns" : {
          "min" : 0,
          "max" : 0,
          "mean" : 0.000000,
          "stddev" : 0.000000,
          "N" : 0
        },
        "clat_ns" : {
          "min" : 0,
          "max" : 0,
          "mean" : 0.000000,
          "stddev" : 0.000000,
          "N" : 0
        },
        "lat_ns" : {
          "min" : 0,
          "max" : 0,
          "mean" : 0.000000,
          "stddev" : 0.000000,
          "N" : 0
        },
        "bw_min" : 0,
        "bw_max" : 0,
        "bw_agg" : 0.000000,
        "bw_mean" : 0.000000,
        "bw_dev" : 0.000000,
        "bw_samples" : 0,
        "iops_min" : 0,
        "iops_max" : 0,
        "iops_mean" : 0.000000,
        "iops_stddev" : 0.000000,
        "iops_samples" : 0
      },
      "write" : {
        "io_bytes" : 2147483648,
        "io_kbytes" : 2097152,
        "bw_bytes" : 668581459,
        "bw" : 652911,
        "iops" : 163227.895392,
        "runtime" : 3212,
        "total_ios" : 524288,
        "short_ios" : 0,
        "drop_ios" : 0,
        "slat_ns" : {
          "min" : 917,
          "max" : 1047511,
          "mean" : 4214.425972,
          "stddev" : 9396.329366,
          "N" : 524288
        },
        "clat_ns" : {
          "min" : 84866,
          "max" : 4938042,
          "mean" : 387397.999451,
          "stddev" : 196247.412500,
          "N" : 524288,
          "percentile" : {
            "1.000000" : 197632,
            "5.000000" : 222208,
            "10.000000" : 254976,
            "20.000000" : 292864,
            "30.000000" : 309248,
            "40.000000" : 333824,
            "50.000000" : 366592,
            "60.000000" : 391168,
            "70.000000" : 423936,
            "80.000000" : 464896,
            "90.000000" : 522240,
            "95.000000" : 577536,
            "99.000000" : 708608,
            "99.500000" : 782336,
            "99.900000" : 3391488,
            "99.950000" : 3653632,
            "99.990000" : 4816896
          }
        },
        "lat_ns" : {
          "min" : 177303,
          "max" : 4940511,
          "mean" : 391612.425423,
          "stddev" : 195977.966060,
          "N" : 524288
        },
        "bw_min" : 638944,
        "bw_max" : 663536,
        "bw_agg" : 99.843994,
        "bw_mean" : 651893.333333,
        "bw_dev" : 9452.908688,
        "bw_samples" : 6,
        "iops_min" : 159736,
        "iops_max" : 165884,
        "iops_mean" : 162973.333333,
        "iops_stddev" : 2363.227172,
        "iops_samples" : 6
      },
      "trim" : {
        "io_bytes" : 0,
        "io_kbytes" : 0,
        "bw_bytes" : 0,
        "bw" : 0,
        "iops" : 0.000000,
        "runtime" : 0,
        "total_ios" : 0,
        "short_ios" : 0,
        "drop_ios" : 0,
        "slat_ns" : {
          "min" : 0,
          "max" : 0,
          "mean" : 0.000000,
          "stddev" : 0.000000,
          "N" : 0
        },
        "clat_ns" : {
          "min" : 0,
          "max" : 0,
          "mean" : 0.000000,
          "stddev" : 0.000000,
          "N" : 0
        },
        "lat_ns" : {
          "min" : 0,
          "max" : 0,
          "mean" : 0.000000,
          "stddev" : 0.000000,
          "N" : 0
        },
        "bw_min" : 0,
        "bw_max" : 0,
        "bw_agg" : 0.000000,
        "bw_mean" : 0.000000,
        "bw_dev" : 0.000000,
        "bw_samples" : 0,
        "iops_min" : 0,
        "iops_max" : 0,
        "iops_mean" : 0.000000,
        "iops_stddev" : 0.000000,
        "iops_samples" : 0
      },
      "sync" : {
        "total_ios" : 0,
        "lat_ns" : {
          "min" : 0,
          "max" : 0,
          "mean" : 0.000000,
          "stddev" : 0.000000,
          "N" : 0
        }
      },
      "job_runtime" : 3211,
      "usr_cpu" : 16.381190,
      "sys_cpu" : 62.753036,
      "ctx" : 7804,
      "majf" : 0,
      "minf" : 7,
      "iodepth_level" : {
        "1" : 0.100000,
        "2" : 0.100000,
        "4" : 0.100000,
        "8" : 0.100000,
        "16" : 0.100000,
        "32" : 0.100000,
        ">=64" : 99.987984
      },
      "iodepth_submit" : {
        "0" : 0.000000,
        "4" : 100.000000,
        "8" : 0.000000,
        "16" : 0.000000,
        "32" : 0.000000,
        "64" : 0.000000,
        ">=64" : 0.000000
      },
      "iodepth_complete" : {
        "0" : 0.000000,
        "4" : 99.999809,
        "8" : 0.000000,
        "16" : 0.000000,
        "32" : 0.000000,
        "64" : 0.100000,
        ">=64" : 0.000000
      },
      "latency_ns" : {
        "2" : 0.000000,
        "4" : 0.000000,
        "10" : 0.000000,
        "20" : 0.000000,
        "50" : 0.000000,
        "100" : 0.000000,
        "250" : 0.000000,
        "500" : 0.000000,
        "750" : 0.000000,
        "1000" : 0.000000
      },
      "latency_us" : {
        "2" : 0.000000,
        "4" : 0.000000,
        "10" : 0.000000,
        "20" : 0.000000,
        "50" : 0.000000,
        "100" : 0.010000,
        "250" : 9.226227,
        "500" : 77.596474,
        "750" : 12.542343,
        "1000" : 0.333023
      },
      "latency_ms" : {
        "2" : 0.010000,
        "4" : 0.244141,
        "10" : 0.048828,
        "20" : 0.000000,
        "50" : 0.000000,
        "100" : 0.000000,
        "250" : 0.000000,
        "500" : 0.000000,
        "750" : 0.000000,
        "1000" : 0.000000,
        "2000" : 0.000000,
        ">=2000" : 0.000000
      },
      "latency_depth" : 64,
      "latency_target" : 0,
      "latency_target_ns" : 0,
      "latency_percentile" : 100.000000,
      "latency_window" : 0,
      "latency_window_us" : 0
    }
  ],
  "disk_util" : [
    {
      "name" : "nvme0n1",
      "read_ios" : 18,
      "write_ios" : 513252,
      "read_sectors" : 616,
      "write_sectors" : 4106016,
      "read_merges" : 59,
      "write_merges" : 0,
      "read_ticks" : 7,
      "write_ticks" : 133137,
      "in_queue" : 133144,
      "util" : 48.967643
    }
  ]
}
