{
  "fio version" : "fio-3.42-29-gd569",
  "timestamp" : 1779699409,
  "timestamp_ms" : 1779699409097,
  "time" : "Mon May 25 17:56:49 2026",
  "jobs" : [
    {
      "jobname" : "seq_write_async_qd16",
      "groupid" : 0,
      "job_start" : 1779699406595,
      "error" : 0,
      "eta" : 0,
      "elapsed" : 3,
      "job options" : {
        "name" : "seq_write_async_qd16",
        "rw" : "write",
        "ioengine" : "io_uring",
        "iodepth" : "16",
        "direct" : "1",
        "bs" : "4k",
        "size" : "2G",
        "filename" : "testfile.img"
      },
      "read" : {
        "io_bytes" : 0,
        "io_kbytes" : 0,
        "bw_bytes" : 0,
        "bw" : 0,
        "iops" : 0.000000,
        "runtime" : 0,
        "total_ios" : 0,
        "short_ios" : 0,
        "drop_ios" : 0,
        "slat_ns" : {
          "min" : 0,
          "max" : 0,
          "mean" : 0.000000,
          "stddev" : 0.000000,
          "N" : 0
        },
        "clat_ns" : {
          "min" : 0,
          "max" : 0,
          "mean" : 0.000000,
          "stddev" : 0.000000,
          "N" : 0
        },
        "lat_ns" : {
          "min" : 0,
          "max" : 0,
          "mean" : 0.000000,
          "stddev" : 0.000000,
          "N" : 0
        },
        "bw_min" : 0,
        "bw_max" : 0,
        "bw_agg" : 0.000000,
        "bw_mean" : 0.000000,
        "bw_dev" : 0.000000,
        "bw_samples" : 0,
        "iops_min" : 0,
        "iops_max" : 0,
        "iops_mean" : 0.000000,
        "iops_stddev" : 0.000000,
        "iops_samples" : 0
      },
      "write" : {
        "io_bytes" : 2147483648,
        "io_kbytes" : 2097152,
        "bw_bytes" : 871897542,
        "bw" : 851462,
        "iops" : 212865.611043,
        "runtime" : 2463,
        "total_ios" : 524288,
        "short_ios" : 0,
        "drop_ios" : 0,
        "slat_ns" : {
          "min" : 1109,
          "max" : 1133003,
          "mean" : 3672.902193,
          "stddev" : 2475.497691,
          "N" : 524288
        },
        "clat_ns" : {
          "min" : 27712,
          "max" : 4796971,
          "mean" : 71146.757017,
          "stddev" : 92451.094377,
          "N" : 524288,
          "percentile" : {
            "1.000000" : 51968,
            "5.000000" : 55552,
            "10.000000" : 57600,
            "20.000000" : 59648,
            "30.000000" : 60672,
            "40.000000" : 61696,
            "50.000000" : 63232,
            "60.000000" : 64768,
            "70.000000" : 70144,
            "80.000000" : 78336,
            "90.000000" : 90624,
            "95.000000" : 96768,
            "99.000000" : 112128,
            "99.500000" : 126464,
            "99.900000" : 173056,
            "99.950000" : 3096576,
            "99.990000" : 3686400
          }
        },
        "lat_ns" : {
          "min" : 30126,
          "max" : 4799442,
          "mean" : 74819.659210,
          "stddev" : 92430.041803,
          "N" : 524288
        },
        "bw_min" : 838504,
        "bw_max" : 862800,
        "bw_agg" : 100.000000,
        "bw_mean" : 852626.000000,
        "bw_dev" : 10271.113929,
        "bw_samples" : 4,
        "iops_min" : 209626,
        "iops_max" : 215700,
        "iops_mean" : 213156.500000,
        "iops_stddev" : 2567.778482,
        "iops_samples" : 4
      },
      "trim" : {
        "io_bytes" : 0,
        "io_kbytes" : 0,
        "bw_bytes" : 0,
        "bw" : 0,
        "iops" : 0.000000,
        "runtime" : 0,
        "total_ios" : 0,
        "short_ios" : 0,
        "drop_ios" : 0,
        "slat_ns" : {
          "min" : 0,
          "max" : 0,
          "mean" : 0.000000,
          "stddev" : 0.000000,
          "N" : 0
        },
        "clat_ns" : {
          "min" : 0,
          "max" : 0,
          "mean" : 0.000000,
          "stddev" : 0.000000,
          "N" : 0
        },
        "lat_ns" : {
          "min" : 0,
          "max" : 0,
          "mean" : 0.000000,
          "stddev" : 0.000000,
          "N" : 0
        },
        "bw_min" : 0,
        "bw_max" : 0,
        "bw_agg" : 0.000000,
        "bw_mean" : 0.000000,
        "bw_dev" : 0.000000,
        "bw_samples" : 0,
        "iops_min" : 0,
        "iops_max" : 0,
        "iops_mean" : 0.000000,
        "iops_stddev" : 0.000000,
        "iops_samples" : 0
      },
      "sync" : {
        "total_ios" : 0,
        "lat_ns" : {
          "min" : 0,
          "max" : 0,
          "mean" : 0.000000,
          "stddev" : 0.000000,
          "N" : 0
        }
      },
      "job_runtime" : 2462,
      "usr_cpu" : 26.523152,
      "sys_cpu" : 64.175467,
      "ctx" : 8120,
      "majf" : 0,
      "minf" : 6,
      "iodepth_level" : {
        "1" : 0.100000,
        "2" : 0.100000,
        "4" : 0.100000,
        "8" : 0.100000,
        "16" : 99.997139,
        "32" : 0.000000,
        ">=64" : 0.000000
      },
      "iodepth_submit" : {
        "0" : 0.000000,
        "4" : 100.000000,
        "8" : 0.000000,
        "16" : 0.000000,
        "32" : 0.000000,
        "64" : 0.000000,
        ">=64" : 0.000000
      },
      "iodepth_complete" : {
        "0" : 0.000000,
        "4" : 99.999809,
        "8" : 0.000000,
        "16" : 0.100000,
        "32" : 0.000000,
        "64" : 0.000000,
        ">=64" : 0.000000
      },
      "latency_ns" : {
        "2" : 0.000000,
        "4" : 0.000000,
        "10" : 0.000000,
        "20" : 0.000000,
        "50" : 0.000000,
        "100" : 0.000000,
        "250" : 0.000000,
        "500" : 0.000000,
        "750" : 0.000000,
        "1000" : 0.000000
      },
      "latency_us" : {
        "2" : 0.000000,
        "4" : 0.000000,
        "10" : 0.000000,
        "20" : 0.000000,
        "50" : 0.208473,
        "100" : 96.706963,
        "250" : 3.008270,
        "500" : 0.000000,
        "750" : 0.000000,
        "1000" : 0.000000
      },
      "latency_ms" : {
        "2" : 0.000000,
        "4" : 0.067139,
        "10" : 0.010000,
        "20" : 0.000000,
        "50" : 0.000000,
        "100" : 0.000000,
        "250" : 0.000000,
        "500" : 0.000000,
        "750" : 0.000000,
        "1000" : 0.000000,
        "2000" : 0.000000,
        ">=2000" : 0.000000
      },
      "latency_depth" : 16,
      "latency_target" : 0,
      "latency_target_ns" : 0,
      "latency_percentile" : 100.000000,
      "latency_window" : 0,
      "latency_window_us" : 0
    }
  ],
  "disk_util" : [
    {
      "name" : "nvme0n1",
      "read_ios" : 1,
      "write_ios" : 509840,
      "read_sectors" : 8,
      "write_sectors" : 4078720,
      "read_merges" : 0,
      "write_merges" : 0,
      "read_ticks" : 1,
      "write_ticks" : 19622,
      "in_queue" : 19622,
      "util" : 67.347756
    }
  ]
}
