{
  "fio version" : "fio-3.42-29-gd569",
  "timestamp" : 1779699172,
  "timestamp_ms" : 1779699172158,
  "time" : "Mon May 25 17:52:52 2026",
  "jobs" : [
    {
      "jobname" : "seq_read_async_qd4",
      "groupid" : 0,
      "job_start" : 1779699166761,
      "error" : 0,
      "eta" : 0,
      "elapsed" : 6,
      "job options" : {
        "name" : "seq_read_async_qd4",
        "rw" : "read",
        "ioengine" : "io_uring",
        "iodepth" : "4",
        "direct" : "1",
        "bs" : "4k",
        "size" : "2G",
        "filename" : "testfile.img"
      },
      "read" : {
        "io_bytes" : 2147483648,
        "io_kbytes" : 2097152,
        "bw_bytes" : 403814149,
        "bw" : 394349,
        "iops" : 98587.438887,
        "runtime" : 5318,
        "total_ios" : 524288,
        "short_ios" : 0,
        "drop_ios" : 0,
        "slat_ns" : {
          "min" : 2152,
          "max" : 1145175,
          "mean" : 3276.110043,
          "stddev" : 2135.570967,
          "N" : 524288
        },
        "clat_ns" : {
          "min" : 128,
          "max" : 1977937,
          "mean" : 36966.547480,
          "stddev" : 44959.565905,
          "N" : 524288,
          "percentile" : {
            "1.000000" : 19328,
            "5.000000" : 21120,
            "10.000000" : 22144,
            "20.000000" : 23168,
            "30.000000" : 23936,
            "40.000000" : 24704,
            "50.000000" : 25472,
            "60.000000" : 26240,
            "70.000000" : 27264,
            "80.000000" : 31872,
            "90.000000" : 50944,
            "95.000000" : 81408,
            "99.000000" : 280576,
            "99.500000" : 329728,
            "99.900000" : 432128,
            "99.950000" : 473088,
            "99.990000" : 552960
          }
        },
        "lat_ns" : {
          "min" : 19461,
          "max" : 1980279,
          "mean" : 40242.657522,
          "stddev" : 44983.591650,
          "N" : 524288
        },
        "bw_min" : 230896,
        "bw_max" : 454392,
        "bw_agg" : 99.034168,
        "bw_mean" : 390541.600000,
        "bw_dev" : 68538.528576,
        "bw_samples" : 10,
        "iops_min" : 57724,
        "iops_max" : 113598,
        "iops_mean" : 97635.400000,
        "iops_stddev" : 17134.632144,
        "iops_samples" : 10
      },
      "write" : {
        "io_bytes" : 0,
        "io_kbytes" : 0,
        "bw_bytes" : 0,
        "bw" : 0,
        "iops" : 0.000000,
        "runtime" : 0,
        "total_ios" : 0,
        "short_ios" : 0,
        "drop_ios" : 0,
        "slat_ns" : {
          "min" : 0,
          "max" : 0,
          "mean" : 0.000000,
          "stddev" : 0.000000,
          "N" : 0
        },
        "clat_ns" : {
          "min" : 0,
          "max" : 0,
          "mean" : 0.000000,
          "stddev" : 0.000000,
          "N" : 0
        },
        "lat_ns" : {
          "min" : 0,
          "max" : 0,
          "mean" : 0.000000,
          "stddev" : 0.000000,
          "N" : 0
        },
        "bw_min" : 0,
        "bw_max" : 0,
        "bw_agg" : 0.000000,
        "bw_mean" : 0.000000,
        "bw_dev" : 0.000000,
        "bw_samples" : 0,
        "iops_min" : 0,
        "iops_max" : 0,
        "iops_mean" : 0.000000,
        "iops_stddev" : 0.000000,
        "iops_samples" : 0
      },
      "trim" : {
        "io_bytes" : 0,
        "io_kbytes" : 0,
        "bw_bytes" : 0,
        "bw" : 0,
        "iops" : 0.000000,
        "runtime" : 0,
        "total_ios" : 0,
        "short_ios" : 0,
        "drop_ios" : 0,
        "slat_ns" : {
          "min" : 0,
          "max" : 0,
          "mean" : 0.000000,
          "stddev" : 0.000000,
          "N" : 0
        },
        "clat_ns" : {
          "min" : 0,
          "max" : 0,
          "mean" : 0.000000,
          "stddev" : 0.000000,
          "N" : 0
        },
        "lat_ns" : {
          "min" : 0,
          "max" : 0,
          "mean" : 0.000000,
          "stddev" : 0.000000,
          "N" : 0
        },
        "bw_min" : 0,
        "bw_max" : 0,
        "bw_agg" : 0.000000,
        "bw_mean" : 0.000000,
        "bw_dev" : 0.000000,
        "bw_samples" : 0,
        "iops_min" : 0,
        "iops_max" : 0,
        "iops_mean" : 0.000000,
        "iops_stddev" : 0.000000,
        "iops_samples" : 0
      },
      "sync" : {
        "total_ios" : 0,
        "lat_ns" : {
          "min" : 0,
          "max" : 0,
          "mean" : 0.000000,
          "stddev" : 0.000000,
          "N" : 0
        }
      },
      "job_runtime" : 5317,
      "usr_cpu" : 13.127704,
      "sys_cpu" : 36.938123,
      "ctx" : 184915,
      "majf" : 0,
      "minf" : 12,
      "iodepth_level" : {
        "1" : 0.100000,
        "2" : 0.100000,
        "4" : 99.999428,
        "8" : 0.000000,
        "16" : 0.000000,
        "32" : 0.000000,
        ">=64" : 0.000000
      },
      "iodepth_submit" : {
        "0" : 0.000000,
        "4" : 100.000000,
        "8" : 0.000000,
        "16" : 0.000000,
        "32" : 0.000000,
        "64" : 0.000000,
        ">=64" : 0.000000
      },
      "iodepth_complete" : {
        "0" : 0.000000,
        "4" : 100.000000,
        "8" : 0.000000,
        "16" : 0.000000,
        "32" : 0.000000,
        "64" : 0.000000,
        ">=64" : 0.000000
      },
      "latency_ns" : {
        "2" : 0.000000,
        "4" : 0.000000,
        "10" : 0.000000,
        "20" : 0.000000,
        "50" : 0.000000,
        "100" : 0.000000,
        "250" : 0.010000,
        "500" : 0.000000,
        "750" : 0.000000,
        "1000" : 0.000000
      },
      "latency_us" : {
        "2" : 0.000000,
        "4" : 0.000000,
        "10" : 0.010000,
        "20" : 1.930618,
        "50" : 87.425232,
        "100" : 6.781960,
        "250" : 2.275085,
        "500" : 1.555061,
        "750" : 0.027275,
        "1000" : 0.000000
      },
      "latency_ms" : {
        "2" : 0.010000,
        "4" : 0.000000,
        "10" : 0.000000,
        "20" : 0.000000,
        "50" : 0.000000,
        "100" : 0.000000,
        "250" : 0.000000,
        "500" : 0.000000,
        "750" : 0.000000,
        "1000" : 0.000000,
        "2000" : 0.000000,
        ">=2000" : 0.000000
      },
      "latency_depth" : 4,
      "latency_target" : 0,
      "latency_target_ns" : 0,
      "latency_percentile" : 100.000000,
      "latency_window" : 0,
      "latency_window_us" : 0
    }
  ],
  "disk_util" : [
    {
      "name" : "nvme0n1",
      "read_ios" : 504648,
      "write_ios" : 23,
      "read_sectors" : 4037184,
      "write_sectors" : 568,
      "read_merges" : 0,
      "write_merges" : 46,
      "read_ticks" : 16906,
      "write_ticks" : 17,
      "in_queue" : 16932,
      "util" : 75.610221
    }
  ]
}
