{
  "fio version" : "fio-3.42-29-gd569",
  "timestamp" : 1779699326,
  "timestamp_ms" : 1779699326306,
  "time" : "Mon May 25 17:55:26 2026",
  "jobs" : [
    {
      "jobname" : "seq_read_async_qd8",
      "groupid" : 0,
      "job_start" : 1779699322409,
      "error" : 0,
      "eta" : 0,
      "elapsed" : 5,
      "job options" : {
        "name" : "seq_read_async_qd8",
        "rw" : "read",
        "ioengine" : "io_uring",
        "iodepth" : "8",
        "direct" : "1",
        "bs" : "4k",
        "size" : "2G",
        "filename" : "testfile.img"
      },
      "read" : {
        "io_bytes" : 2147483648,
        "io_kbytes" : 2097152,
        "bw_bytes" : 573580034,
        "bw" : 560136,
        "iops" : 140034.188034,
        "runtime" : 3744,
        "total_ios" : 524288,
        "short_ios" : 0,
        "drop_ios" : 0,
        "slat_ns" : {
          "min" : 2179,
          "max" : 1134445,
          "mean" : 3148.018812,
          "stddev" : 2127.816063,
          "N" : 524288
        },
        "clat_ns" : {
          "min" : 15381,
          "max" : 681490,
          "mean" : 53659.579838,
          "stddev" : 19905.160053,
          "N" : 524288,
          "percentile" : {
            "1.000000" : 31872,
            "5.000000" : 43264,
            "10.000000" : 44288,
            "20.000000" : 46336,
            "30.000000" : 48384,
            "40.000000" : 49920,
            "50.000000" : 51456,
            "60.000000" : 52992,
            "70.000000" : 55040,
            "80.000000" : 57600,
            "90.000000" : 62208,
            "95.000000" : 66048,
            "99.000000" : 92672,
            "99.500000" : 154624,
            "99.900000" : 362496,
            "99.950000" : 423936,
            "99.990000" : 497664
          }
        },
        "lat_ns" : {
          "min" : 21086,
          "max" : 1355051,
          "mean" : 56807.598650,
          "stddev" : 20007.278481,
          "N" : 524288
        },
        "bw_min" : 543592,
        "bw_max" : 574224,
        "bw_agg" : 100.000000,
        "bw_mean" : 560320.000000,
        "bw_dev" : 12898.428225,
        "bw_samples" : 7,
        "iops_min" : 135898,
        "iops_max" : 143554,
        "iops_mean" : 140080.000000,
        "iops_stddev" : 3224.563019,
        "iops_samples" : 7
      },
      "write" : {
        "io_bytes" : 0,
        "io_kbytes" : 0,
        "bw_bytes" : 0,
        "bw" : 0,
        "iops" : 0.000000,
        "runtime" : 0,
        "total_ios" : 0,
        "short_ios" : 0,
        "drop_ios" : 0,
        "slat_ns" : {
          "min" : 0,
          "max" : 0,
          "mean" : 0.000000,
          "stddev" : 0.000000,
          "N" : 0
        },
        "clat_ns" : {
          "min" : 0,
          "max" : 0,
          "mean" : 0.000000,
          "stddev" : 0.000000,
          "N" : 0
        },
        "lat_ns" : {
          "min" : 0,
          "max" : 0,
          "mean" : 0.000000,
          "stddev" : 0.000000,
          "N" : 0
        },
        "bw_min" : 0,
        "bw_max" : 0,
        "bw_agg" : 0.000000,
        "bw_mean" : 0.000000,
        "bw_dev" : 0.000000,
        "bw_samples" : 0,
        "iops_min" : 0,
        "iops_max" : 0,
        "iops_mean" : 0.000000,
        "iops_stddev" : 0.000000,
        "iops_samples" : 0
      },
      "trim" : {
        "io_bytes" : 0,
        "io_kbytes" : 0,
        "bw_bytes" : 0,
        "bw" : 0,
        "iops" : 0.000000,
        "runtime" : 0,
        "total_ios" : 0,
        "short_ios" : 0,
        "drop_ios" : 0,
        "slat_ns" : {
          "min" : 0,
          "max" : 0,
          "mean" : 0.000000,
          "stddev" : 0.000000,
          "N" : 0
        },
        "clat_ns" : {
          "min" : 0,
          "max" : 0,
          "mean" : 0.000000,
          "stddev" : 0.000000,
          "N" : 0
        },
        "lat_ns" : {
          "min" : 0,
          "max" : 0,
          "mean" : 0.000000,
          "stddev" : 0.000000,
          "N" : 0
        },
        "bw_min" : 0,
        "bw_max" : 0,
        "bw_agg" : 0.000000,
        "bw_mean" : 0.000000,
        "bw_dev" : 0.000000,
        "bw_samples" : 0,
        "iops_min" : 0,
        "iops_max" : 0,
        "iops_mean" : 0.000000,
        "iops_stddev" : 0.000000,
        "iops_samples" : 0
      },
      "sync" : {
        "total_ios" : 0,
        "lat_ns" : {
          "min" : 0,
          "max" : 0,
          "mean" : 0.000000,
          "stddev" : 0.000000,
          "N" : 0
        }
      },
      "job_runtime" : 3743,
      "usr_cpu" : 18.300828,
      "sys_cpu" : 51.242319,
      "ctx" : 213170,
      "majf" : 0,
      "minf" : 15,
      "iodepth_level" : {
        "1" : 0.100000,
        "2" : 0.100000,
        "4" : 0.100000,
        "8" : 99.998665,
        "16" : 0.000000,
        "32" : 0.000000,
        ">=64" : 0.000000
      },
      "iodepth_submit" : {
        "0" : 0.000000,
        "4" : 100.000000,
        "8" : 0.000000,
        "16" : 0.000000,
        "32" : 0.000000,
        "64" : 0.000000,
        ">=64" : 0.000000
      },
      "iodepth_complete" : {
        "0" : 0.000000,
        "4" : 99.999809,
        "8" : 0.100000,
        "16" : 0.000000,
        "32" : 0.000000,
        "64" : 0.000000,
        ">=64" : 0.000000
      },
      "latency_ns" : {
        "2" : 0.000000,
        "4" : 0.000000,
        "10" : 0.000000,
        "20" : 0.000000,
        "50" : 0.000000,
        "100" : 0.000000,
        "250" : 0.000000,
        "500" : 0.000000,
        "750" : 0.000000,
        "1000" : 0.000000
      },
      "latency_us" : {
        "2" : 0.000000,
        "4" : 0.000000,
        "10" : 0.000000,
        "20" : 0.010300,
        "50" : 40.144920,
        "100" : 58.956337,
        "250" : 0.575638,
        "500" : 0.303459,
        "750" : 0.010000,
        "1000" : 0.000000
      },
      "latency_ms" : {
        "2" : 0.000000,
        "4" : 0.000000,
        "10" : 0.000000,
        "20" : 0.000000,
        "50" : 0.000000,
        "100" : 0.000000,
        "250" : 0.000000,
        "500" : 0.000000,
        "750" : 0.000000,
        "1000" : 0.000000,
        "2000" : 0.000000,
        ">=2000" : 0.000000
      },
      "latency_depth" : 8,
      "latency_target" : 0,
      "latency_target_ns" : 0,
      "latency_percentile" : 100.000000,
      "latency_window" : 0,
      "latency_window_us" : 0
    }
  ],
  "disk_util" : [
    {
      "name" : "nvme0n1",
      "read_ios" : 511013,
      "write_ios" : 22,
      "read_sectors" : 4088104,
      "write_sectors" : 208,
      "read_merges" : 0,
      "write_merges" : 4,
      "read_ticks" : 25964,
      "write_ticks" : 3,
      "in_queue" : 25967,
      "util" : 64.806409
    }
  ]
}
