{
  "fio version" : "fio-3.42-29-gd569",
  "timestamp" : 1779502697,
  "timestamp_ms" : 1779502697854,
  "time" : "Sat May 23 11:18:17 2026",
  "jobs" : [
    {
      "jobname" : "seq_read_sync",
      "groupid" : 0,
      "job_start" : 1779502689957,
      "error" : 0,
      "eta" : 0,
      "elapsed" : 9,
      "job options" : {
        "name" : "seq_read_sync",
        "rw" : "read",
        "ioengine" : "sync",
        "direct" : "1",
        "bs" : "128k",
        "size" : "2G",
        "filename" : "testfile.img"
      },
      "read" : {
        "io_bytes" : 2147483648,
        "io_kbytes" : 2097152,
        "bw_bytes" : 279838890,
        "bw" : 273280,
        "iops" : 2135.001303,
        "runtime" : 7674,
        "total_ios" : 16384,
        "short_ios" : 0,
        "drop_ios" : 0,
        "slat_ns" : {
          "min" : 0,
          "max" : 0,
          "mean" : 0.000000,
          "stddev" : 0.000000,
          "N" : 0
        },
        "clat_ns" : {
          "min" : 108240,
          "max" : 4809800,
          "mean" : 466570.417114,
          "stddev" : 215082.452143,
          "N" : 16384,
          "percentile" : {
            "1.000000" : 166912,
            "5.000000" : 220160,
            "10.000000" : 259072,
            "20.000000" : 309248,
            "30.000000" : 342016,
            "40.000000" : 374784,
            "50.000000" : 415744,
            "60.000000" : 460800,
            "70.000000" : 522240,
            "80.000000" : 602112,
            "90.000000" : 749568,
            "95.000000" : 880640,
            "99.000000" : 1105920,
            "99.500000" : 1187840,
            "99.900000" : 1400832,
            "99.950000" : 2007040,
            "99.990000" : 4751360
          }
        },
        "lat_ns" : {
          "min" : 108415,
          "max" : 4810023,
          "mean" : 466780.964111,
          "stddev" : 215097.541824,
          "N" : 16384
        },
        "bw_min" : 225280,
        "bw_max" : 303104,
        "bw_agg" : 99.834175,
        "bw_mean" : 272827.733333,
        "bw_dev" : 26311.211710,
        "bw_samples" : 15,
        "iops_min" : 1760,
        "iops_max" : 2368,
        "iops_mean" : 2131.466667,
        "iops_stddev" : 205.556341,
        "iops_samples" : 15
      },
      "write" : {
        "io_bytes" : 0,
        "io_kbytes" : 0,
        "bw_bytes" : 0,
        "bw" : 0,
        "iops" : 0.000000,
        "runtime" : 0,
        "total_ios" : 0,
        "short_ios" : 0,
        "drop_ios" : 0,
        "slat_ns" : {
          "min" : 0,
          "max" : 0,
          "mean" : 0.000000,
          "stddev" : 0.000000,
          "N" : 0
        },
        "clat_ns" : {
          "min" : 0,
          "max" : 0,
          "mean" : 0.000000,
          "stddev" : 0.000000,
          "N" : 0
        },
        "lat_ns" : {
          "min" : 0,
          "max" : 0,
          "mean" : 0.000000,
          "stddev" : 0.000000,
          "N" : 0
        },
        "bw_min" : 0,
        "bw_max" : 0,
        "bw_agg" : 0.000000,
        "bw_mean" : 0.000000,
        "bw_dev" : 0.000000,
        "bw_samples" : 0,
        "iops_min" : 0,
        "iops_max" : 0,
        "iops_mean" : 0.000000,
        "iops_stddev" : 0.000000,
        "iops_samples" : 0
      },
      "trim" : {
        "io_bytes" : 0,
        "io_kbytes" : 0,
        "bw_bytes" : 0,
        "bw" : 0,
        "iops" : 0.000000,
        "runtime" : 0,
        "total_ios" : 0,
        "short_ios" : 0,
        "drop_ios" : 0,
        "slat_ns" : {
          "min" : 0,
          "max" : 0,
          "mean" : 0.000000,
          "stddev" : 0.000000,
          "N" : 0
        },
        "clat_ns" : {
          "min" : 0,
          "max" : 0,
          "mean" : 0.000000,
          "stddev" : 0.000000,
          "N" : 0
        },
        "lat_ns" : {
          "min" : 0,
          "max" : 0,
          "mean" : 0.000000,
          "stddev" : 0.000000,
          "N" : 0
        },
        "bw_min" : 0,
        "bw_max" : 0,
        "bw_agg" : 0.000000,
        "bw_mean" : 0.000000,
        "bw_dev" : 0.000000,
        "bw_samples" : 0,
        "iops_min" : 0,
        "iops_max" : 0,
        "iops_mean" : 0.000000,
        "iops_stddev" : 0.000000,
        "iops_samples" : 0
      },
      "sync" : {
        "total_ios" : 0,
        "lat_ns" : {
          "min" : 0,
          "max" : 0,
          "mean" : 0.000000,
          "stddev" : 0.000000,
          "N" : 0
        }
      },
      "job_runtime" : 7673,
      "usr_cpu" : 1.016552,
      "sys_cpu" : 5.916851,
      "ctx" : 16389,
      "majf" : 0,
      "minf" : 39,
      "iodepth_level" : {
        "1" : 100.000000,
        "2" : 0.000000,
        "4" : 0.000000,
        "8" : 0.000000,
        "16" : 0.000000,
        "32" : 0.000000,
        ">=64" : 0.000000
      },
      "iodepth_submit" : {
        "0" : 0.000000,
        "4" : 100.000000,
        "8" : 0.000000,
        "16" : 0.000000,
        "32" : 0.000000,
        "64" : 0.000000,
        ">=64" : 0.000000
      },
      "iodepth_complete" : {
        "0" : 0.000000,
        "4" : 100.000000,
        "8" : 0.000000,
        "16" : 0.000000,
        "32" : 0.000000,
        "64" : 0.000000,
        ">=64" : 0.000000
      },
      "latency_ns" : {
        "2" : 0.000000,
        "4" : 0.000000,
        "10" : 0.000000,
        "20" : 0.000000,
        "50" : 0.000000,
        "100" : 0.000000,
        "250" : 0.000000,
        "500" : 0.000000,
        "750" : 0.000000,
        "1000" : 0.000000
      },
      "latency_us" : {
        "2" : 0.000000,
        "4" : 0.000000,
        "10" : 0.000000,
        "20" : 0.000000,
        "50" : 0.000000,
        "100" : 0.000000,
        "250" : 8.593750,
        "500" : 58.349609,
        "750" : 23.059082,
        "1000" : 7.653809
      },
      "latency_ms" : {
        "2" : 2.288818,
        "4" : 0.030518,
        "10" : 0.024414,
        "20" : 0.000000,
        "50" : 0.000000,
        "100" : 0.000000,
        "250" : 0.000000,
        "500" : 0.000000,
        "750" : 0.000000,
        "1000" : 0.000000,
        "2000" : 0.000000,
        ">=2000" : 0.000000
      },
      "latency_depth" : 1,
      "latency_target" : 0,
      "latency_target_ns" : 0,
      "latency_percentile" : 100.000000,
      "latency_window" : 0,
      "latency_window_us" : 0
    }
  ],
  "disk_util" : [
    {
      "name" : "nvme0n1",
      "read_ios" : 16849,
      "write_ios" : 308,
      "read_sectors" : 4209192,
      "write_sectors" : 19880,
      "read_merges" : 1358,
      "write_merges" : 146,
      "read_ticks" : 7484,
      "write_ticks" : 141,
      "in_queue" : 7665,
      "util" : 92.455755
    }
  ]
}
