{
  "fio version" : "fio-3.42-29-gd569",
  "timestamp" : 1779507167,
  "timestamp_ms" : 1779507167335,
  "time" : "Sat May 23 12:32:47 2026",
  "jobs" : [
    {
      "jobname" : "seq_write_sync",
      "groupid" : 0,
      "job_start" : 1779507154828,
      "error" : 0,
      "eta" : 0,
      "elapsed" : 13,
      "job options" : {
        "name" : "seq_write_sync",
        "rw" : "write",
        "ioengine" : "sync",
        "direct" : "1",
        "bs" : "128k",
        "size" : "5G",
        "filename" : "testfile.img"
      },
      "read" : {
        "io_bytes" : 0,
        "io_kbytes" : 0,
        "bw_bytes" : 0,
        "bw" : 0,
        "iops" : 0.000000,
        "runtime" : 0,
        "total_ios" : 0,
        "short_ios" : 0,
        "drop_ios" : 0,
        "slat_ns" : {
          "min" : 0,
          "max" : 0,
          "mean" : 0.000000,
          "stddev" : 0.000000,
          "N" : 0
        },
        "clat_ns" : {
          "min" : 0,
          "max" : 0,
          "mean" : 0.000000,
          "stddev" : 0.000000,
          "N" : 0
        },
        "lat_ns" : {
          "min" : 0,
          "max" : 0,
          "mean" : 0.000000,
          "stddev" : 0.000000,
          "N" : 0
        },
        "bw_min" : 0,
        "bw_max" : 0,
        "bw_agg" : 0.000000,
        "bw_mean" : 0.000000,
        "bw_dev" : 0.000000,
        "bw_samples" : 0,
        "iops_min" : 0,
        "iops_max" : 0,
        "iops_mean" : 0.000000,
        "iops_stddev" : 0.000000,
        "iops_samples" : 0
      },
      "write" : {
        "io_bytes" : 5368709120,
        "io_kbytes" : 5242880,
        "bw_bytes" : 432855689,
        "bw" : 422710,
        "iops" : 3302.426832,
        "runtime" : 12403,
        "total_ios" : 40960,
        "short_ios" : 0,
        "drop_ios" : 0,
        "slat_ns" : {
          "min" : 0,
          "max" : 0,
          "mean" : 0.000000,
          "stddev" : 0.000000,
          "N" : 0
        },
        "clat_ns" : {
          "min" : 80485,
          "max" : 11524002,
          "mean" : 298520.557666,
          "stddev" : 999365.175777,
          "N" : 40960,
          "percentile" : {
            "1.000000" : 85504,
            "5.000000" : 86528,
            "10.000000" : 86528,
            "20.000000" : 90624,
            "30.000000" : 101888,
            "40.000000" : 108032,
            "50.000000" : 114176,
            "60.000000" : 144384,
            "70.000000" : 187392,
            "80.000000" : 228352,
            "90.000000" : 485376,
            "95.000000" : 602112,
            "99.000000" : 5734400,
            "99.500000" : 10027008,
            "99.900000" : 10944512,
            "99.950000" : 11075584,
            "99.990000" : 11337728
          }
        },
        "lat_ns" : {
          "min" : 83118,
          "max" : 11527013,
          "mean" : 301618.239185,
          "stddev" : 999335.793523,
          "N" : 40960
        },
        "bw_min" : 264448,
        "bw_max" : 472064,
        "bw_agg" : 99.729689,
        "bw_mean" : 421568.000000,
        "bw_dev" : 59316.401662,
        "bw_samples" : 24,
        "iops_min" : 2066,
        "iops_max" : 3688,
        "iops_mean" : 3293.500000,
        "iops_stddev" : 463.409388,
        "iops_samples" : 24
      },
      "trim" : {
        "io_bytes" : 0,
        "io_kbytes" : 0,
        "bw_bytes" : 0,
        "bw" : 0,
        "iops" : 0.000000,
        "runtime" : 0,
        "total_ios" : 0,
        "short_ios" : 0,
        "drop_ios" : 0,
        "slat_ns" : {
          "min" : 0,
          "max" : 0,
          "mean" : 0.000000,
          "stddev" : 0.000000,
          "N" : 0
        },
        "clat_ns" : {
          "min" : 0,
          "max" : 0,
          "mean" : 0.000000,
          "stddev" : 0.000000,
          "N" : 0
        },
        "lat_ns" : {
          "min" : 0,
          "max" : 0,
          "mean" : 0.000000,
          "stddev" : 0.000000,
          "N" : 0
        },
        "bw_min" : 0,
        "bw_max" : 0,
        "bw_agg" : 0.000000,
        "bw_mean" : 0.000000,
        "bw_dev" : 0.000000,
        "bw_samples" : 0,
        "iops_min" : 0,
        "iops_max" : 0,
        "iops_mean" : 0.000000,
        "iops_stddev" : 0.000000,
        "iops_samples" : 0
      },
      "sync" : {
        "total_ios" : 0,
        "lat_ns" : {
          "min" : 0,
          "max" : 0,
          "mean" : 0.000000,
          "stddev" : 0.000000,
          "N" : 0
        }
      },
      "job_runtime" : 12402,
      "usr_cpu" : 1.886792,
      "sys_cpu" : 9.700048,
      "ctx" : 40965,
      "majf" : 0,
      "minf" : 9,
      "iodepth_level" : {
        "1" : 100.000000,
        "2" : 0.000000,
        "4" : 0.000000,
        "8" : 0.000000,
        "16" : 0.000000,
        "32" : 0.000000,
        ">=64" : 0.000000
      },
      "iodepth_submit" : {
        "0" : 0.000000,
        "4" : 100.000000,
        "8" : 0.000000,
        "16" : 0.000000,
        "32" : 0.000000,
        "64" : 0.000000,
        ">=64" : 0.000000
      },
      "iodepth_complete" : {
        "0" : 0.000000,
        "4" : 100.000000,
        "8" : 0.000000,
        "16" : 0.000000,
        "32" : 0.000000,
        "64" : 0.000000,
        ">=64" : 0.000000
      },
      "latency_ns" : {
        "2" : 0.000000,
        "4" : 0.000000,
        "10" : 0.000000,
        "20" : 0.000000,
        "50" : 0.000000,
        "100" : 0.000000,
        "250" : 0.000000,
        "500" : 0.000000,
        "750" : 0.000000,
        "1000" : 0.000000
      },
      "latency_us" : {
        "2" : 0.000000,
        "4" : 0.000000,
        "10" : 0.000000,
        "20" : 0.000000,
        "50" : 0.000000,
        "100" : 27.453613,
        "250" : 53.767090,
        "500" : 11.103516,
        "750" : 3.552246,
        "1000" : 2.014160
      },
      "latency_ms" : {
        "2" : 1.074219,
        "4" : 0.010000,
        "10" : 0.478516,
        "20" : 0.551758,
        "50" : 0.000000,
        "100" : 0.000000,
        "250" : 0.000000,
        "500" : 0.000000,
        "750" : 0.000000,
        "1000" : 0.000000,
        "2000" : 0.000000,
        ">=2000" : 0.000000
      },
      "latency_depth" : 1,
      "latency_target" : 0,
      "latency_target_ns" : 0,
      "latency_percentile" : 100.000000,
      "latency_window" : 0,
      "latency_window_us" : 0
    }
  ],
  "disk_util" : [
    {
      "name" : "nvme0n1",
      "read_ios" : 0,
      "write_ios" : 41012,
      "read_sectors" : 0,
      "write_sectors" : 10493888,
      "read_merges" : 0,
      "write_merges" : 134,
      "read_ticks" : 0,
      "write_ticks" : 11565,
      "in_queue" : 11581,
      "util" : 90.494114
    }
  ]
}
