{
  "fio version" : "fio-3.42-29-gd569",
  "timestamp" : 1779442976,
  "timestamp_ms" : 1779442976343,
  "time" : "Fri May 22 18:42:56 2026",
  "jobs" : [
    {
      "jobname" : "seq_read_async",
      "groupid" : 0,
      "job_start" : 1779442975447,
      "error" : 0,
      "eta" : 2147483647,
      "elapsed" : 1,
      "job options" : {
        "name" : "seq_read_async",
        "rw" : "read",
        "ioengine" : "io_uring",
        "iodepth" : "32",
        "direct" : "1",
        "bs" : "128k",
        "size" : "2G",
        "filename" : "testfile.img"
      },
      "read" : {
        "io_bytes" : 2147483648,
        "io_kbytes" : 2097152,
        "bw_bytes" : 2587329696,
        "bw" : 2526689,
        "iops" : 19739.759036,
        "runtime" : 830,
        "total_ios" : 16384,
        "short_ios" : 0,
        "drop_ios" : 0,
        "slat_ns" : {
          "min" : 13747,
          "max" : 197713,
          "mean" : 16006.283691,
          "stddev" : 3489.848461,
          "N" : 16384
        },
        "clat_ns" : {
          "min" : 617103,
          "max" : 8894254,
          "mean" : 1601231.249084,
          "stddev" : 489495.541459,
          "N" : 16384,
          "percentile" : {
            "1.000000" : 1187840,
            "5.000000" : 1253376,
            "10.000000" : 1286144,
            "20.000000" : 1318912,
            "30.000000" : 1351680,
            "40.000000" : 1384448,
            "50.000000" : 1433600,
            "60.000000" : 1499136,
            "70.000000" : 1597440,
            "80.000000" : 1810432,
            "90.000000" : 2179072,
            "95.000000" : 2473984,
            "99.000000" : 3063808,
            "99.500000" : 3325952,
            "99.900000" : 8159232,
            "99.950000" : 8454144,
            "99.990000" : 8847360
          }
        },
        "lat_ns" : {
          "min" : 654412,
          "max" : 8911525,
          "mean" : 1617237.532776,
          "stddev" : 489659.997106,
          "N" : 16384
        },
        "bw_min" : 2587648,
        "bw_max" : 2587648,
        "bw_agg" : 100.000000,
        "bw_mean" : 2587648.000000,
        "bw_dev" : 0.000000,
        "bw_samples" : 1,
        "iops_min" : 20216,
        "iops_max" : 20216,
        "iops_mean" : 20216.000000,
        "iops_stddev" : 0.000000,
        "iops_samples" : 1
      },
      "write" : {
        "io_bytes" : 0,
        "io_kbytes" : 0,
        "bw_bytes" : 0,
        "bw" : 0,
        "iops" : 0.000000,
        "runtime" : 0,
        "total_ios" : 0,
        "short_ios" : 0,
        "drop_ios" : 0,
        "slat_ns" : {
          "min" : 0,
          "max" : 0,
          "mean" : 0.000000,
          "stddev" : 0.000000,
          "N" : 0
        },
        "clat_ns" : {
          "min" : 0,
          "max" : 0,
          "mean" : 0.000000,
          "stddev" : 0.000000,
          "N" : 0
        },
        "lat_ns" : {
          "min" : 0,
          "max" : 0,
          "mean" : 0.000000,
          "stddev" : 0.000000,
          "N" : 0
        },
        "bw_min" : 0,
        "bw_max" : 0,
        "bw_agg" : 0.000000,
        "bw_mean" : 0.000000,
        "bw_dev" : 0.000000,
        "bw_samples" : 0,
        "iops_min" : 0,
        "iops_max" : 0,
        "iops_mean" : 0.000000,
        "iops_stddev" : 0.000000,
        "iops_samples" : 0
      },
      "trim" : {
        "io_bytes" : 0,
        "io_kbytes" : 0,
        "bw_bytes" : 0,
        "bw" : 0,
        "iops" : 0.000000,
        "runtime" : 0,
        "total_ios" : 0,
        "short_ios" : 0,
        "drop_ios" : 0,
        "slat_ns" : {
          "min" : 0,
          "max" : 0,
          "mean" : 0.000000,
          "stddev" : 0.000000,
          "N" : 0
        },
        "clat_ns" : {
          "min" : 0,
          "max" : 0,
          "mean" : 0.000000,
          "stddev" : 0.000000,
          "N" : 0
        },
        "lat_ns" : {
          "min" : 0,
          "max" : 0,
          "mean" : 0.000000,
          "stddev" : 0.000000,
          "N" : 0
        },
        "bw_min" : 0,
        "bw_max" : 0,
        "bw_agg" : 0.000000,
        "bw_mean" : 0.000000,
        "bw_dev" : 0.000000,
        "bw_samples" : 0,
        "iops_min" : 0,
        "iops_max" : 0,
        "iops_mean" : 0.000000,
        "iops_stddev" : 0.000000,
        "iops_samples" : 0
      },
      "sync" : {
        "total_ios" : 0,
        "lat_ns" : {
          "min" : 0,
          "max" : 0,
          "mean" : 0.000000,
          "stddev" : 0.000000,
          "N" : 0
        }
      },
      "job_runtime" : 829,
      "usr_cpu" : 2.774427,
      "sys_cpu" : 35.223160,
      "ctx" : 11853,
      "majf" : 0,
      "minf" : 1029,
      "iodepth_level" : {
        "1" : 0.100000,
        "2" : 0.100000,
        "4" : 0.100000,
        "8" : 0.100000,
        "16" : 0.100000,
        "32" : 99.810791,
        ">=64" : 0.000000
      },
      "iodepth_submit" : {
        "0" : 0.000000,
        "4" : 100.000000,
        "8" : 0.000000,
        "16" : 0.000000,
        "32" : 0.000000,
        "64" : 0.000000,
        ">=64" : 0.000000
      },
      "iodepth_complete" : {
        "0" : 0.000000,
        "4" : 99.993885,
        "8" : 0.000000,
        "16" : 0.000000,
        "32" : 0.100000,
        "64" : 0.000000,
        ">=64" : 0.000000
      },
      "latency_ns" : {
        "2" : 0.000000,
        "4" : 0.000000,
        "10" : 0.000000,
        "20" : 0.000000,
        "50" : 0.000000,
        "100" : 0.000000,
        "250" : 0.000000,
        "500" : 0.000000,
        "750" : 0.000000,
        "1000" : 0.000000
      },
      "latency_us" : {
        "2" : 0.000000,
        "4" : 0.000000,
        "10" : 0.000000,
        "20" : 0.000000,
        "50" : 0.000000,
        "100" : 0.000000,
        "250" : 0.000000,
        "500" : 0.000000,
        "750" : 0.010000,
        "1000" : 0.054932
      },
      "latency_ms" : {
        "2" : 85.736084,
        "4" : 14.013672,
        "10" : 0.189209,
        "20" : 0.000000,
        "50" : 0.000000,
        "100" : 0.000000,
        "250" : 0.000000,
        "500" : 0.000000,
        "750" : 0.000000,
        "1000" : 0.000000,
        "2000" : 0.000000,
        ">=2000" : 0.000000
      },
      "latency_depth" : 32,
      "latency_target" : 0,
      "latency_target_ns" : 0,
      "latency_percentile" : 100.000000,
      "latency_window" : 0,
      "latency_window_us" : 0
    }
  ],
  "disk_util" : [
    {
      "name" : "nvme0n1",
      "read_ios" : 12824,
      "write_ios" : 2,
      "read_sectors" : 3282944,
      "write_sectors" : 152,
      "read_merges" : 0,
      "write_merges" : 17,
      "read_ticks" : 20389,
      "write_ticks" : 1,
      "in_queue" : 20393,
      "util" : 65.013405
    }
  ]
}
