{
  "fio version" : "fio-3.42-29-gd569",
  "timestamp" : 1779699105,
  "timestamp_ms" : 1779699105426,
  "time" : "Mon May 25 17:51:45 2026",
  "jobs" : [
    {
      "jobname" : "seq_write_async_qd4",
      "groupid" : 0,
      "job_start" : 1779699085413,
      "error" : 0,
      "eta" : 0,
      "elapsed" : 21,
      "job options" : {
        "name" : "seq_write_async_qd4",
        "rw" : "write",
        "ioengine" : "io_uring",
        "iodepth" : "4",
        "direct" : "1",
        "bs" : "4k",
        "size" : "2G",
        "filename" : "testfile.img"
      },
      "read" : {
        "io_bytes" : 0,
        "io_kbytes" : 0,
        "bw_bytes" : 0,
        "bw" : 0,
        "iops" : 0.000000,
        "runtime" : 0,
        "total_ios" : 0,
        "short_ios" : 0,
        "drop_ios" : 0,
        "slat_ns" : {
          "min" : 0,
          "max" : 0,
          "mean" : 0.000000,
          "stddev" : 0.000000,
          "N" : 0
        },
        "clat_ns" : {
          "min" : 0,
          "max" : 0,
          "mean" : 0.000000,
          "stddev" : 0.000000,
          "N" : 0
        },
        "lat_ns" : {
          "min" : 0,
          "max" : 0,
          "mean" : 0.000000,
          "stddev" : 0.000000,
          "N" : 0
        },
        "bw_min" : 0,
        "bw_max" : 0,
        "bw_agg" : 0.000000,
        "bw_mean" : 0.000000,
        "bw_dev" : 0.000000,
        "bw_samples" : 0,
        "iops_min" : 0,
        "iops_max" : 0,
        "iops_mean" : 0.000000,
        "iops_stddev" : 0.000000,
        "iops_samples" : 0
      },
      "write" : {
        "io_bytes" : 2147483648,
        "io_kbytes" : 2097152,
        "bw_bytes" : 107648686,
        "bw" : 105125,
        "iops" : 26281.417615,
        "runtime" : 19949,
        "total_ios" : 524288,
        "short_ios" : 0,
        "drop_ios" : 0,
        "slat_ns" : {
          "min" : 1236,
          "max" : 5125593,
          "mean" : 4670.627838,
          "stddev" : 11644.445958,
          "N" : 524288
        },
        "clat_ns" : {
          "min" : 8920,
          "max" : 7450421,
          "mean" : 147164.688261,
          "stddev" : 127357.482357,
          "N" : 524288,
          "percentile" : {
            "1.000000" : 18560,
            "5.000000" : 20352,
            "10.000000" : 23168,
            "20.000000" : 27520,
            "30.000000" : 45312,
            "40.000000" : 90624,
            "50.000000" : 103936,
            "60.000000" : 162816,
            "70.000000" : 197632,
            "80.000000" : 242688,
            "90.000000" : 321536,
            "95.000000" : 370688,
            "99.000000" : 501760,
            "99.500000" : 569344,
            "99.900000" : 708608,
            "99.950000" : 733184,
            "99.990000" : 978944
          }
        },
        "lat_ns" : {
          "min" : 16058,
          "max" : 7454307,
          "mean" : 151835.316099,
          "stddev" : 127401.783338,
          "N" : 524288
        },
        "bw_min" : 82120,
        "bw_max" : 142464,
        "bw_agg" : 100.000000,
        "bw_mean" : 105256.615385,
        "bw_dev" : 16998.261150,
        "bw_samples" : 39,
        "iops_min" : 20530,
        "iops_max" : 35616,
        "iops_mean" : 26314.153846,
        "iops_stddev" : 4249.565288,
        "iops_samples" : 39
      },
      "trim" : {
        "io_bytes" : 0,
        "io_kbytes" : 0,
        "bw_bytes" : 0,
        "bw" : 0,
        "iops" : 0.000000,
        "runtime" : 0,
        "total_ios" : 0,
        "short_ios" : 0,
        "drop_ios" : 0,
        "slat_ns" : {
          "min" : 0,
          "max" : 0,
          "mean" : 0.000000,
          "stddev" : 0.000000,
          "N" : 0
        },
        "clat_ns" : {
          "min" : 0,
          "max" : 0,
          "mean" : 0.000000,
          "stddev" : 0.000000,
          "N" : 0
        },
        "lat_ns" : {
          "min" : 0,
          "max" : 0,
          "mean" : 0.000000,
          "stddev" : 0.000000,
          "N" : 0
        },
        "bw_min" : 0,
        "bw_max" : 0,
        "bw_agg" : 0.000000,
        "bw_mean" : 0.000000,
        "bw_dev" : 0.000000,
        "bw_samples" : 0,
        "iops_min" : 0,
        "iops_max" : 0,
        "iops_mean" : 0.000000,
        "iops_stddev" : 0.000000,
        "iops_samples" : 0
      },
      "sync" : {
        "total_ios" : 0,
        "lat_ns" : {
          "min" : 0,
          "max" : 0,
          "mean" : 0.000000,
          "stddev" : 0.000000,
          "N" : 0
        }
      },
      "job_runtime" : 19948,
      "usr_cpu" : 3.554241,
      "sys_cpu" : 13.981352,
      "ctx" : 164234,
      "majf" : 0,
      "minf" : 7,
      "iodepth_level" : {
        "1" : 0.100000,
        "2" : 0.100000,
        "4" : 99.999428,
        "8" : 0.000000,
        "16" : 0.000000,
        "32" : 0.000000,
        ">=64" : 0.000000
      },
      "iodepth_submit" : {
        "0" : 0.000000,
        "4" : 100.000000,
        "8" : 0.000000,
        "16" : 0.000000,
        "32" : 0.000000,
        "64" : 0.000000,
        ">=64" : 0.000000
      },
      "iodepth_complete" : {
        "0" : 0.000000,
        "4" : 100.000000,
        "8" : 0.000000,
        "16" : 0.000000,
        "32" : 0.000000,
        "64" : 0.000000,
        ">=64" : 0.000000
      },
      "latency_ns" : {
        "2" : 0.000000,
        "4" : 0.000000,
        "10" : 0.000000,
        "20" : 0.000000,
        "50" : 0.000000,
        "100" : 0.000000,
        "250" : 0.000000,
        "500" : 0.000000,
        "750" : 0.000000,
        "1000" : 0.000000
      },
      "latency_us" : {
        "2" : 0.000000,
        "4" : 0.000000,
        "10" : 0.010000,
        "20" : 4.238129,
        "50" : 26.253700,
        "100" : 17.629433,
        "250" : 32.709122,
        "500" : 18.154335,
        "750" : 0.979424,
        "1000" : 0.024986
      },
      "latency_ms" : {
        "2" : 0.010000,
        "4" : 0.010000,
        "10" : 0.010000,
        "20" : 0.000000,
        "50" : 0.000000,
        "100" : 0.000000,
        "250" : 0.000000,
        "500" : 0.000000,
        "750" : 0.000000,
        "1000" : 0.000000,
        "2000" : 0.000000,
        ">=2000" : 0.000000
      },
      "latency_depth" : 4,
      "latency_target" : 0,
      "latency_target_ns" : 0,
      "latency_percentile" : 100.000000,
      "latency_window" : 0,
      "latency_window_us" : 0
    }
  ],
  "disk_util" : [
    {
      "name" : "nvme0n1",
      "read_ios" : 531,
      "write_ios" : 523227,
      "read_sectors" : 32400,
      "write_sectors" : 4200184,
      "read_merges" : 1391,
      "write_merges" : 202,
      "read_ticks" : 245,
      "write_ticks" : 73809,
      "in_queue" : 74200,
      "util" : 87.770216
    }
  ]
}
