{
  "fio version" : "fio-3.42-29-gd569",
  "timestamp" : 1779443012,
  "timestamp_ms" : 1779443012897,
  "time" : "Fri May 22 18:43:32 2026",
  "jobs" : [
    {
      "jobname" : "seq_to_rand",
      "groupid" : 0,
      "job_start" : 1779443008250,
      "error" : 0,
      "eta" : 0,
      "elapsed" : 5,
      "job options" : {
        "name" : "seq_to_rand",
        "rw" : "randread",
        "ioengine" : "io_uring",
        "iodepth" : "32",
        "direct" : "1",
        "bs" : "4k",
        "size" : "2G",
        "filename" : "testfile.img"
      },
      "read" : {
        "io_bytes" : 2147483648,
        "io_kbytes" : 2097152,
        "bw_bytes" : 478174938,
        "bw" : 466967,
        "iops" : 116741.928301,
        "runtime" : 4491,
        "total_ios" : 524288,
        "short_ios" : 0,
        "drop_ios" : 0,
        "slat_ns" : {
          "min" : 2150,
          "max" : 549445,
          "mean" : 3010.666954,
          "stddev" : 2802.945136,
          "N" : 524288
        },
        "clat_ns" : {
          "min" : 42764,
          "max" : 2908871,
          "mean" : 270702.821928,
          "stddev" : 88681.130942,
          "N" : 524288,
          "percentile" : {
            "1.000000" : 108032,
            "5.000000" : 132096,
            "10.000000" : 171008,
            "20.000000" : 203776,
            "30.000000" : 236544,
            "40.000000" : 248832,
            "50.000000" : 259072,
            "60.000000" : 272384,
            "70.000000" : 301056,
            "80.000000" : 329728,
            "90.000000" : 374784,
            "95.000000" : 423936,
            "99.000000" : 536576,
            "99.500000" : 593920,
            "99.900000" : 741376,
            "99.950000" : 815104,
            "99.990000" : 1236992
          }
        },
        "lat_ns" : {
          "min" : 47615,
          "max" : 2911143,
          "mean" : 273713.488882,
          "stddev" : 88533.887484,
          "N" : 524288
        },
        "bw_min" : 460048,
        "bw_max" : 475736,
        "bw_agg" : 100.000000,
        "bw_mean" : 467244.000000,
        "bw_dev" : 5348.519902,
        "bw_samples" : 8,
        "iops_min" : 115012,
        "iops_max" : 118934,
        "iops_mean" : 116811.000000,
        "iops_stddev" : 1337.129976,
        "iops_samples" : 8
      },
      "write" : {
        "io_bytes" : 0,
        "io_kbytes" : 0,
        "bw_bytes" : 0,
        "bw" : 0,
        "iops" : 0.000000,
        "runtime" : 0,
        "total_ios" : 0,
        "short_ios" : 0,
        "drop_ios" : 0,
        "slat_ns" : {
          "min" : 0,
          "max" : 0,
          "mean" : 0.000000,
          "stddev" : 0.000000,
          "N" : 0
        },
        "clat_ns" : {
          "min" : 0,
          "max" : 0,
          "mean" : 0.000000,
          "stddev" : 0.000000,
          "N" : 0
        },
        "lat_ns" : {
          "min" : 0,
          "max" : 0,
          "mean" : 0.000000,
          "stddev" : 0.000000,
          "N" : 0
        },
        "bw_min" : 0,
        "bw_max" : 0,
        "bw_agg" : 0.000000,
        "bw_mean" : 0.000000,
        "bw_dev" : 0.000000,
        "bw_samples" : 0,
        "iops_min" : 0,
        "iops_max" : 0,
        "iops_mean" : 0.000000,
        "iops_stddev" : 0.000000,
        "iops_samples" : 0
      },
      "trim" : {
        "io_bytes" : 0,
        "io_kbytes" : 0,
        "bw_bytes" : 0,
        "bw" : 0,
        "iops" : 0.000000,
        "runtime" : 0,
        "total_ios" : 0,
        "short_ios" : 0,
        "drop_ios" : 0,
        "slat_ns" : {
          "min" : 0,
          "max" : 0,
          "mean" : 0.000000,
          "stddev" : 0.000000,
          "N" : 0
        },
        "clat_ns" : {
          "min" : 0,
          "max" : 0,
          "mean" : 0.000000,
          "stddev" : 0.000000,
          "N" : 0
        },
        "lat_ns" : {
          "min" : 0,
          "max" : 0,
          "mean" : 0.000000,
          "stddev" : 0.000000,
          "N" : 0
        },
        "bw_min" : 0,
        "bw_max" : 0,
        "bw_agg" : 0.000000,
        "bw_mean" : 0.000000,
        "bw_dev" : 0.000000,
        "bw_samples" : 0,
        "iops_min" : 0,
        "iops_max" : 0,
        "iops_mean" : 0.000000,
        "iops_stddev" : 0.000000,
        "iops_samples" : 0
      },
      "sync" : {
        "total_ios" : 0,
        "lat_ns" : {
          "min" : 0,
          "max" : 0,
          "mean" : 0.000000,
          "stddev" : 0.000000,
          "N" : 0
        }
      },
      "job_runtime" : 4490,
      "usr_cpu" : 15.278396,
      "sys_cpu" : 35.100223,
      "ctx" : 61486,
      "majf" : 0,
      "minf" : 38,
      "iodepth_level" : {
        "1" : 0.100000,
        "2" : 0.100000,
        "4" : 0.100000,
        "8" : 0.100000,
        "16" : 0.100000,
        "32" : 99.994087,
        ">=64" : 0.000000
      },
      "iodepth_submit" : {
        "0" : 0.000000,
        "4" : 100.000000,
        "8" : 0.000000,
        "16" : 0.000000,
        "32" : 0.000000,
        "64" : 0.000000,
        ">=64" : 0.000000
      },
      "iodepth_complete" : {
        "0" : 0.000000,
        "4" : 99.999809,
        "8" : 0.000000,
        "16" : 0.000000,
        "32" : 0.100000,
        "64" : 0.000000,
        ">=64" : 0.000000
      },
      "latency_ns" : {
        "2" : 0.000000,
        "4" : 0.000000,
        "10" : 0.000000,
        "20" : 0.000000,
        "50" : 0.000000,
        "100" : 0.000000,
        "250" : 0.000000,
        "500" : 0.000000,
        "750" : 0.000000,
        "1000" : 0.000000
      },
      "latency_us" : {
        "2" : 0.000000,
        "4" : 0.000000,
        "10" : 0.000000,
        "20" : 0.000000,
        "50" : 0.010000,
        "100" : 0.188255,
        "250" : 41.767311,
        "500" : 56.317329,
        "750" : 1.636314,
        "1000" : 0.065613
      },
      "latency_ms" : {
        "2" : 0.017738,
        "4" : 0.010000,
        "10" : 0.000000,
        "20" : 0.000000,
        "50" : 0.000000,
        "100" : 0.000000,
        "250" : 0.000000,
        "500" : 0.000000,
        "750" : 0.000000,
        "1000" : 0.000000,
        "2000" : 0.000000,
        ">=2000" : 0.000000
      },
      "latency_depth" : 32,
      "latency_target" : 0,
      "latency_target_ns" : 0,
      "latency_percentile" : 100.000000,
      "latency_window" : 0,
      "latency_window_us" : 0
    }
  ],
  "disk_util" : [
    {
      "name" : "nvme0n1",
      "read_ios" : 513526,
      "write_ios" : 2,
      "read_sectors" : 4108208,
      "write_sectors" : 128,
      "read_merges" : 0,
      "write_merges" : 14,
      "read_ticks" : 128302,
      "write_ticks" : 4,
      "in_queue" : 128307,
      "util" : 65.302491
    }
  ]
}
