{
  "fio version" : "fio-3.42-29-gd569",
  "timestamp" : 1779699472,
  "timestamp_ms" : 1779699472823,
  "time" : "Mon May 25 17:57:52 2026",
  "jobs" : [
    {
      "jobname" : "seq_read_async_qd16",
      "groupid" : 0,
      "job_start" : 1779699470426,
      "error" : 0,
      "eta" : 0,
      "elapsed" : 3,
      "job options" : {
        "name" : "seq_read_async_qd16",
        "rw" : "read",
        "ioengine" : "io_uring",
        "iodepth" : "16",
        "direct" : "1",
        "bs" : "4k",
        "size" : "2G",
        "filename" : "testfile.img"
      },
      "read" : {
        "io_bytes" : 2147483648,
        "io_kbytes" : 2097152,
        "bw_bytes" : 974357372,
        "bw" : 951520,
        "iops" : 237880.217786,
        "runtime" : 2204,
        "total_ios" : 524288,
        "short_ios" : 0,
        "drop_ios" : 0,
        "slat_ns" : {
          "min" : 2151,
          "max" : 982387,
          "mean" : 3706.665058,
          "stddev" : 2278.842609,
          "N" : 524288
        },
        "clat_ns" : {
          "min" : 16798,
          "max" : 377765,
          "mean" : 63223.279400,
          "stddev" : 12819.997004,
          "N" : 524288,
          "percentile" : {
            "1.000000" : 44800,
            "5.000000" : 48384,
            "10.000000" : 50944,
            "20.000000" : 54016,
            "30.000000" : 56576,
            "40.000000" : 59136,
            "50.000000" : 62208,
            "60.000000" : 64768,
            "70.000000" : 67072,
            "80.000000" : 70144,
            "90.000000" : 75264,
            "95.000000" : 80384,
            "99.000000" : 102912,
            "99.500000" : 119296,
            "99.900000" : 203776,
            "99.950000" : 238592,
            "99.990000" : 288768
          }
        },
        "lat_ns" : {
          "min" : 22798,
          "max" : 1064891,
          "mean" : 66929.944458,
          "stddev" : 12900.202964,
          "N" : 524288
        },
        "bw_min" : 939032,
        "bw_max" : 962240,
        "bw_agg" : 99.967329,
        "bw_mean" : 951210.000000,
        "bw_dev" : 9513.995585,
        "bw_samples" : 4,
        "iops_min" : 234758,
        "iops_max" : 240560,
        "iops_mean" : 237802.500000,
        "iops_stddev" : 2378.498896,
        "iops_samples" : 4
      },
      "write" : {
        "io_bytes" : 0,
        "io_kbytes" : 0,
        "bw_bytes" : 0,
        "bw" : 0,
        "iops" : 0.000000,
        "runtime" : 0,
        "total_ios" : 0,
        "short_ios" : 0,
        "drop_ios" : 0,
        "slat_ns" : {
          "min" : 0,
          "max" : 0,
          "mean" : 0.000000,
          "stddev" : 0.000000,
          "N" : 0
        },
        "clat_ns" : {
          "min" : 0,
          "max" : 0,
          "mean" : 0.000000,
          "stddev" : 0.000000,
          "N" : 0
        },
        "lat_ns" : {
          "min" : 0,
          "max" : 0,
          "mean" : 0.000000,
          "stddev" : 0.000000,
          "N" : 0
        },
        "bw_min" : 0,
        "bw_max" : 0,
        "bw_agg" : 0.000000,
        "bw_mean" : 0.000000,
        "bw_dev" : 0.000000,
        "bw_samples" : 0,
        "iops_min" : 0,
        "iops_max" : 0,
        "iops_mean" : 0.000000,
        "iops_stddev" : 0.000000,
        "iops_samples" : 0
      },
      "trim" : {
        "io_bytes" : 0,
        "io_kbytes" : 0,
        "bw_bytes" : 0,
        "bw" : 0,
        "iops" : 0.000000,
        "runtime" : 0,
        "total_ios" : 0,
        "short_ios" : 0,
        "drop_ios" : 0,
        "slat_ns" : {
          "min" : 0,
          "max" : 0,
          "mean" : 0.000000,
          "stddev" : 0.000000,
          "N" : 0
        },
        "clat_ns" : {
          "min" : 0,
          "max" : 0,
          "mean" : 0.000000,
          "stddev" : 0.000000,
          "N" : 0
        },
        "lat_ns" : {
          "min" : 0,
          "max" : 0,
          "mean" : 0.000000,
          "stddev" : 0.000000,
          "N" : 0
        },
        "bw_min" : 0,
        "bw_max" : 0,
        "bw_agg" : 0.000000,
        "bw_mean" : 0.000000,
        "bw_dev" : 0.000000,
        "bw_samples" : 0,
        "iops_min" : 0,
        "iops_max" : 0,
        "iops_mean" : 0.000000,
        "iops_stddev" : 0.000000,
        "iops_samples" : 0
      },
      "sync" : {
        "total_ios" : 0,
        "lat_ns" : {
          "min" : 0,
          "max" : 0,
          "mean" : 0.000000,
          "stddev" : 0.000000,
          "N" : 0
        }
      },
      "job_runtime" : 2203,
      "usr_cpu" : 21.561507,
      "sys_cpu" : 76.849750,
      "ctx" : 5510,
      "majf" : 0,
      "minf" : 22,
      "iodepth_level" : {
        "1" : 0.100000,
        "2" : 0.100000,
        "4" : 0.100000,
        "8" : 0.100000,
        "16" : 99.997139,
        "32" : 0.000000,
        ">=64" : 0.000000
      },
      "iodepth_submit" : {
        "0" : 0.000000,
        "4" : 100.000000,
        "8" : 0.000000,
        "16" : 0.000000,
        "32" : 0.000000,
        "64" : 0.000000,
        ">=64" : 0.000000
      },
      "iodepth_complete" : {
        "0" : 0.000000,
        "4" : 99.999809,
        "8" : 0.000000,
        "16" : 0.100000,
        "32" : 0.000000,
        "64" : 0.000000,
        ">=64" : 0.000000
      },
      "latency_ns" : {
        "2" : 0.000000,
        "4" : 0.000000,
        "10" : 0.000000,
        "20" : 0.000000,
        "50" : 0.000000,
        "100" : 0.000000,
        "250" : 0.000000,
        "500" : 0.000000,
        "750" : 0.000000,
        "1000" : 0.000000
      },
      "latency_us" : {
        "2" : 0.000000,
        "4" : 0.000000,
        "10" : 0.000000,
        "20" : 0.010000,
        "50" : 7.934761,
        "100" : 90.908432,
        "250" : 1.119614,
        "500" : 0.036812,
        "750" : 0.000000,
        "1000" : 0.000000
      },
      "latency_ms" : {
        "2" : 0.000000,
        "4" : 0.000000,
        "10" : 0.000000,
        "20" : 0.000000,
        "50" : 0.000000,
        "100" : 0.000000,
        "250" : 0.000000,
        "500" : 0.000000,
        "750" : 0.000000,
        "1000" : 0.000000,
        "2000" : 0.000000,
        ">=2000" : 0.000000
      },
      "latency_depth" : 16,
      "latency_target" : 0,
      "latency_target_ns" : 0,
      "latency_percentile" : 100.000000,
      "latency_window" : 0,
      "latency_window_us" : 0
    }
  ],
  "disk_util" : [
    {
      "name" : "nvme0n1",
      "read_ios" : 510669,
      "write_ios" : 9,
      "read_sectors" : 4085352,
      "write_sectors" : 448,
      "read_merges" : 0,
      "write_merges" : 0,
      "read_ticks" : 24968,
      "write_ticks" : 1,
      "in_queue" : 24970,
      "util" : 72.217275
    }
  ]
}
