{
  "fio version" : "fio-3.42-29-gd569",
  "timestamp" : 1779699556,
  "timestamp_ms" : 1779699556624,
  "time" : "Mon May 25 17:59:16 2026",
  "jobs" : [
    {
      "jobname" : "seq_write_async_qd32",
      "groupid" : 0,
      "job_start" : 1779699551728,
      "error" : 0,
      "eta" : 0,
      "elapsed" : 5,
      "job options" : {
        "name" : "seq_write_async_qd32",
        "rw" : "write",
        "ioengine" : "io_uring",
        "iodepth" : "32",
        "direct" : "1",
        "bs" : "4k",
        "size" : "2G",
        "filename" : "testfile.img"
      },
      "read" : {
        "io_bytes" : 0,
        "io_kbytes" : 0,
        "bw_bytes" : 0,
        "bw" : 0,
        "iops" : 0.000000,
        "runtime" : 0,
        "total_ios" : 0,
        "short_ios" : 0,
        "drop_ios" : 0,
        "slat_ns" : {
          "min" : 0,
          "max" : 0,
          "mean" : 0.000000,
          "stddev" : 0.000000,
          "N" : 0
        },
        "clat_ns" : {
          "min" : 0,
          "max" : 0,
          "mean" : 0.000000,
          "stddev" : 0.000000,
          "N" : 0
        },
        "lat_ns" : {
          "min" : 0,
          "max" : 0,
          "mean" : 0.000000,
          "stddev" : 0.000000,
          "N" : 0
        },
        "bw_min" : 0,
        "bw_max" : 0,
        "bw_agg" : 0.000000,
        "bw_mean" : 0.000000,
        "bw_dev" : 0.000000,
        "bw_samples" : 0,
        "iops_min" : 0,
        "iops_max" : 0,
        "iops_mean" : 0.000000,
        "iops_stddev" : 0.000000,
        "iops_samples" : 0
      },
      "write" : {
        "io_bytes" : 2147483648,
        "io_kbytes" : 2097152,
        "bw_bytes" : 453151223,
        "bw" : 442530,
        "iops" : 110632.622916,
        "runtime" : 4739,
        "total_ios" : 524288,
        "short_ios" : 0,
        "drop_ios" : 0,
        "slat_ns" : {
          "min" : 949,
          "max" : 1212797,
          "mean" : 4341.319695,
          "stddev" : 9850.278578,
          "N" : 524288
        },
        "clat_ns" : {
          "min" : 22089,
          "max" : 5206976,
          "mean" : 284489.028076,
          "stddev" : 136854.231238,
          "N" : 524288,
          "percentile" : {
            "1.000000" : 100864,
            "5.000000" : 146432,
            "10.000000" : 177152,
            "20.000000" : 199680,
            "30.000000" : 222208,
            "40.000000" : 246784,
            "50.000000" : 268288,
            "60.000000" : 288768,
            "70.000000" : 321536,
            "80.000000" : 358400,
            "90.000000" : 411648,
            "95.000000" : 460800,
            "99.000000" : 561152,
            "99.500000" : 618496,
            "99.900000" : 1597440,
            "99.950000" : 3096576,
            "99.990000" : 4489216
          }
        },
        "lat_ns" : {
          "min" : 89532,
          "max" : 5209434,
          "mean" : 288830.347771,
          "stddev" : 136284.078401,
          "N" : 524288
        },
        "bw_min" : 434936,
        "bw_max" : 451408,
        "bw_agg" : 100.000000,
        "bw_mean" : 442837.333333,
        "bw_dev" : 5487.059686,
        "bw_samples" : 9,
        "iops_min" : 108734,
        "iops_max" : 112852,
        "iops_mean" : 110709.333333,
        "iops_stddev" : 1371.764922,
        "iops_samples" : 9
      },
      "trim" : {
        "io_bytes" : 0,
        "io_kbytes" : 0,
        "bw_bytes" : 0,
        "bw" : 0,
        "iops" : 0.000000,
        "runtime" : 0,
        "total_ios" : 0,
        "short_ios" : 0,
        "drop_ios" : 0,
        "slat_ns" : {
          "min" : 0,
          "max" : 0,
          "mean" : 0.000000,
          "stddev" : 0.000000,
          "N" : 0
        },
        "clat_ns" : {
          "min" : 0,
          "max" : 0,
          "mean" : 0.000000,
          "stddev" : 0.000000,
          "N" : 0
        },
        "lat_ns" : {
          "min" : 0,
          "max" : 0,
          "mean" : 0.000000,
          "stddev" : 0.000000,
          "N" : 0
        },
        "bw_min" : 0,
        "bw_max" : 0,
        "bw_agg" : 0.000000,
        "bw_mean" : 0.000000,
        "bw_dev" : 0.000000,
        "bw_samples" : 0,
        "iops_min" : 0,
        "iops_max" : 0,
        "iops_mean" : 0.000000,
        "iops_stddev" : 0.000000,
        "iops_samples" : 0
      },
      "sync" : {
        "total_ios" : 0,
        "lat_ns" : {
          "min" : 0,
          "max" : 0,
          "mean" : 0.000000,
          "stddev" : 0.000000,
          "N" : 0
        }
      },
      "job_runtime" : 4738,
      "usr_cpu" : 13.803293,
      "sys_cpu" : 45.166737,
      "ctx" : 25761,
      "majf" : 0,
      "minf" : 6,
      "iodepth_level" : {
        "1" : 0.100000,
        "2" : 0.100000,
        "4" : 0.100000,
        "8" : 0.100000,
        "16" : 0.100000,
        "32" : 99.994087,
        ">=64" : 0.000000
      },
      "iodepth_submit" : {
        "0" : 0.000000,
        "4" : 100.000000,
        "8" : 0.000000,
        "16" : 0.000000,
        "32" : 0.000000,
        "64" : 0.000000,
        ">=64" : 0.000000
      },
      "iodepth_complete" : {
        "0" : 0.000000,
        "4" : 99.999809,
        "8" : 0.000000,
        "16" : 0.000000,
        "32" : 0.100000,
        "64" : 0.000000,
        ">=64" : 0.000000
      },
      "latency_ns" : {
        "2" : 0.000000,
        "4" : 0.000000,
        "10" : 0.000000,
        "20" : 0.000000,
        "50" : 0.000000,
        "100" : 0.000000,
        "250" : 0.000000,
        "500" : 0.000000,
        "750" : 0.000000,
        "1000" : 0.000000
      },
      "latency_us" : {
        "2" : 0.000000,
        "4" : 0.000000,
        "10" : 0.000000,
        "20" : 0.000000,
        "50" : 0.010000,
        "100" : 0.864601,
        "250" : 40.840912,
        "500" : 55.844879,
        "750" : 2.256584,
        "1000" : 0.047874
      },
      "latency_ms" : {
        "2" : 0.064087,
        "4" : 0.056458,
        "10" : 0.024414,
        "20" : 0.000000,
        "50" : 0.000000,
        "100" : 0.000000,
        "250" : 0.000000,
        "500" : 0.000000,
        "750" : 0.000000,
        "1000" : 0.000000,
        "2000" : 0.000000,
        ">=2000" : 0.000000
      },
      "latency_depth" : 32,
      "latency_target" : 0,
      "latency_target_ns" : 0,
      "latency_percentile" : 100.000000,
      "latency_window" : 0,
      "latency_window_us" : 0
    }
  ],
  "disk_util" : [
    {
      "name" : "nvme0n1",
      "read_ios" : 12,
      "write_ios" : 514829,
      "read_sectors" : 336,
      "write_sectors" : 4118800,
      "read_merges" : 30,
      "write_merges" : 21,
      "read_ticks" : 4,
      "write_ticks" : 113828,
      "in_queue" : 113834,
      "util" : 63.013699
    }
  ]
}
