{
  "fio version" : "fio-3.42-29-gd569",
  "timestamp" : 1779700145,
  "timestamp_ms" : 1779700145301,
  "time" : "Mon May 25 18:09:05 2026",
  "jobs" : [
    {
      "jobname" : "seq_to_rand_qd2",
      "groupid" : 0,
      "job_start" : 1779700115283,
      "error" : 0,
      "eta" : 0,
      "elapsed" : 31,
      "job options" : {
        "name" : "seq_to_rand_qd2",
        "rw" : "randread",
        "ioengine" : "io_uring",
        "iodepth" : "2",
        "direct" : "1",
        "bs" : "4k",
        "size" : "2G",
        "filename" : "testfile.img"
      },
      "read" : {
        "io_bytes" : 2147483648,
        "io_kbytes" : 2097152,
        "bw_bytes" : 71594720,
        "bw" : 69916,
        "iops" : 17479.179863,
        "runtime" : 29995,
        "total_ios" : 524288,
        "short_ios" : 0,
        "drop_ios" : 0,
        "slat_ns" : {
          "min" : 2228,
          "max" : 1102507,
          "mean" : 3551.974611,
          "stddev" : 2483.190739,
          "N" : 524288
        },
        "clat_ns" : {
          "min" : 1152,
          "max" : 2741661,
          "mean" : 110238.761080,
          "stddev" : 69209.121769,
          "N" : 524288,
          "percentile" : {
            "1.000000" : 67072,
            "5.000000" : 69120,
            "10.000000" : 70144,
            "20.000000" : 72192,
            "30.000000" : 74240,
            "40.000000" : 77312,
            "50.000000" : 80384,
            "60.000000" : 81408,
            "70.000000" : 84480,
            "80.000000" : 121344,
            "90.000000" : 259072,
            "95.000000" : 276480,
            "99.000000" : 288768,
            "99.500000" : 296960,
            "99.900000" : 358400,
            "99.950000" : 362496,
            "99.990000" : 374784
          }
        },
        "lat_ns" : {
          "min" : 25472,
          "max" : 2747030,
          "mean" : 113790.735691,
          "stddev" : 69708.018267,
          "N" : 524288
        },
        "bw_min" : 53328,
        "bw_max" : 82352,
        "bw_agg" : 99.775849,
        "bw_mean" : 69760.135593,
        "bw_dev" : 7603.315065,
        "bw_samples" : 59,
        "iops_min" : 13332,
        "iops_max" : 20588,
        "iops_mean" : 17440.033898,
        "iops_stddev" : 1900.828766,
        "iops_samples" : 59
      },
      "write" : {
        "io_bytes" : 0,
        "io_kbytes" : 0,
        "bw_bytes" : 0,
        "bw" : 0,
        "iops" : 0.000000,
        "runtime" : 0,
        "total_ios" : 0,
        "short_ios" : 0,
        "drop_ios" : 0,
        "slat_ns" : {
          "min" : 0,
          "max" : 0,
          "mean" : 0.000000,
          "stddev" : 0.000000,
          "N" : 0
        },
        "clat_ns" : {
          "min" : 0,
          "max" : 0,
          "mean" : 0.000000,
          "stddev" : 0.000000,
          "N" : 0
        },
        "lat_ns" : {
          "min" : 0,
          "max" : 0,
          "mean" : 0.000000,
          "stddev" : 0.000000,
          "N" : 0
        },
        "bw_min" : 0,
        "bw_max" : 0,
        "bw_agg" : 0.000000,
        "bw_mean" : 0.000000,
        "bw_dev" : 0.000000,
        "bw_samples" : 0,
        "iops_min" : 0,
        "iops_max" : 0,
        "iops_mean" : 0.000000,
        "iops_stddev" : 0.000000,
        "iops_samples" : 0
      },
      "trim" : {
        "io_bytes" : 0,
        "io_kbytes" : 0,
        "bw_bytes" : 0,
        "bw" : 0,
        "iops" : 0.000000,
        "runtime" : 0,
        "total_ios" : 0,
        "short_ios" : 0,
        "drop_ios" : 0,
        "slat_ns" : {
          "min" : 0,
          "max" : 0,
          "mean" : 0.000000,
          "stddev" : 0.000000,
          "N" : 0
        },
        "clat_ns" : {
          "min" : 0,
          "max" : 0,
          "mean" : 0.000000,
          "stddev" : 0.000000,
          "N" : 0
        },
        "lat_ns" : {
          "min" : 0,
          "max" : 0,
          "mean" : 0.000000,
          "stddev" : 0.000000,
          "N" : 0
        },
        "bw_min" : 0,
        "bw_max" : 0,
        "bw_agg" : 0.000000,
        "bw_mean" : 0.000000,
        "bw_dev" : 0.000000,
        "bw_samples" : 0,
        "iops_min" : 0,
        "iops_max" : 0,
        "iops_mean" : 0.000000,
        "iops_stddev" : 0.000000,
        "iops_samples" : 0
      },
      "sync" : {
        "total_ios" : 0,
        "lat_ns" : {
          "min" : 0,
          "max" : 0,
          "mean" : 0.000000,
          "stddev" : 0.000000,
          "N" : 0
        }
      },
      "job_runtime" : 29994,
      "usr_cpu" : 3.380676,
      "sys_cpu" : 9.088484,
      "ctx" : 379184,
      "majf" : 0,
      "minf" : 10,
      "iodepth_level" : {
        "1" : 0.100000,
        "2" : 99.999809,
        "4" : 0.000000,
        "8" : 0.000000,
        "16" : 0.000000,
        "32" : 0.000000,
        ">=64" : 0.000000
      },
      "iodepth_submit" : {
        "0" : 0.000000,
        "4" : 100.000000,
        "8" : 0.000000,
        "16" : 0.000000,
        "32" : 0.000000,
        "64" : 0.000000,
        ">=64" : 0.000000
      },
      "iodepth_complete" : {
        "0" : 0.000000,
        "4" : 100.000000,
        "8" : 0.000000,
        "16" : 0.000000,
        "32" : 0.000000,
        "64" : 0.000000,
        ">=64" : 0.000000
      },
      "latency_ns" : {
        "2" : 0.000000,
        "4" : 0.000000,
        "10" : 0.000000,
        "20" : 0.000000,
        "50" : 0.000000,
        "100" : 0.000000,
        "250" : 0.000000,
        "500" : 0.000000,
        "750" : 0.000000,
        "1000" : 0.000000
      },
      "latency_us" : {
        "2" : 0.010000,
        "4" : 0.000000,
        "10" : 0.010000,
        "20" : 0.000000,
        "50" : 0.110435,
        "100" : 76.019287,
        "250" : 9.679413,
        "500" : 14.187622,
        "750" : 0.010000,
        "1000" : 0.000000
      },
      "latency_ms" : {
        "2" : 0.000000,
        "4" : 0.010000,
        "10" : 0.000000,
        "20" : 0.000000,
        "50" : 0.000000,
        "100" : 0.000000,
        "250" : 0.000000,
        "500" : 0.000000,
        "750" : 0.000000,
        "1000" : 0.000000,
        "2000" : 0.000000,
        ">=2000" : 0.000000
      },
      "latency_depth" : 2,
      "latency_target" : 0,
      "latency_target_ns" : 0,
      "latency_percentile" : 100.000000,
      "latency_window" : 0,
      "latency_window_us" : 0
    }
  ],
  "disk_util" : [
    {
      "name" : "nvme0n1",
      "read_ios" : 522849,
      "write_ios" : 362,
      "read_sectors" : 4212560,
      "write_sectors" : 19376,
      "read_merges" : 1560,
      "write_merges" : 245,
      "read_ticks" : 55548,
      "write_ticks" : 87,
      "in_queue" : 55678,
      "util" : 87.565043
    }
  ]
}
