{
  "fio version" : "fio-3.42-29-gd569",
  "timestamp" : 1779699914,
  "timestamp_ms" : 1779699914538,
  "time" : "Mon May 25 18:05:14 2026",
  "jobs" : [
    {
      "jobname" : "seq_read_async_qd128",
      "groupid" : 0,
      "job_start" : 1779699912141,
      "error" : 0,
      "eta" : 0,
      "elapsed" : 3,
      "job options" : {
        "name" : "seq_read_async_qd128",
        "rw" : "read",
        "ioengine" : "io_uring",
        "iodepth" : "128",
        "direct" : "1",
        "bs" : "4k",
        "size" : "2G",
        "filename" : "testfile.img"
      },
      "read" : {
        "io_bytes" : 2147483648,
        "io_kbytes" : 2097152,
        "bw_bytes" : 978352459,
        "bw" : 955422,
        "iops" : 238855.580866,
        "runtime" : 2195,
        "total_ios" : 524288,
        "short_ios" : 0,
        "drop_ios" : 0,
        "slat_ns" : {
          "min" : 2129,
          "max" : 1162465,
          "mean" : 3739.468779,
          "stddev" : 2557.039746,
          "N" : 524288
        },
        "clat_ns" : {
          "min" : 54927,
          "max" : 2128817,
          "mean" : 531287.512381,
          "stddev" : 60595.628801,
          "N" : 524288,
          "percentile" : {
            "1.000000" : 493568,
            "5.000000" : 501760,
            "10.000000" : 505856,
            "20.000000" : 514048,
            "30.000000" : 518144,
            "40.000000" : 518144,
            "50.000000" : 522240,
            "60.000000" : 528384,
            "70.000000" : 528384,
            "80.000000" : 536576,
            "90.000000" : 544768,
            "95.000000" : 569344,
            "99.000000" : 798720,
            "99.500000" : 872448,
            "99.900000" : 1613824,
            "99.950000" : 1810432,
            "99.990000" : 2007040
          }
        },
        "lat_ns" : {
          "min" : 57195,
          "max" : 2131183,
          "mean" : 535026.981159,
          "stddev" : 60688.045793,
          "N" : 524288
        },
        "bw_min" : 928656,
        "bw_max" : 968648,
        "bw_agg" : 99.981126,
        "bw_mean" : 955242.000000,
        "bw_dev" : 18038.811343,
        "bw_samples" : 4,
        "iops_min" : 232164,
        "iops_max" : 242162,
        "iops_mean" : 238810.500000,
        "iops_stddev" : 4509.702836,
        "iops_samples" : 4
      },
      "write" : {
        "io_bytes" : 0,
        "io_kbytes" : 0,
        "bw_bytes" : 0,
        "bw" : 0,
        "iops" : 0.000000,
        "runtime" : 0,
        "total_ios" : 0,
        "short_ios" : 0,
        "drop_ios" : 0,
        "slat_ns" : {
          "min" : 0,
          "max" : 0,
          "mean" : 0.000000,
          "stddev" : 0.000000,
          "N" : 0
        },
        "clat_ns" : {
          "min" : 0,
          "max" : 0,
          "mean" : 0.000000,
          "stddev" : 0.000000,
          "N" : 0
        },
        "lat_ns" : {
          "min" : 0,
          "max" : 0,
          "mean" : 0.000000,
          "stddev" : 0.000000,
          "N" : 0
        },
        "bw_min" : 0,
        "bw_max" : 0,
        "bw_agg" : 0.000000,
        "bw_mean" : 0.000000,
        "bw_dev" : 0.000000,
        "bw_samples" : 0,
        "iops_min" : 0,
        "iops_max" : 0,
        "iops_mean" : 0.000000,
        "iops_stddev" : 0.000000,
        "iops_samples" : 0
      },
      "trim" : {
        "io_bytes" : 0,
        "io_kbytes" : 0,
        "bw_bytes" : 0,
        "bw" : 0,
        "iops" : 0.000000,
        "runtime" : 0,
        "total_ios" : 0,
        "short_ios" : 0,
        "drop_ios" : 0,
        "slat_ns" : {
          "min" : 0,
          "max" : 0,
          "mean" : 0.000000,
          "stddev" : 0.000000,
          "N" : 0
        },
        "clat_ns" : {
          "min" : 0,
          "max" : 0,
          "mean" : 0.000000,
          "stddev" : 0.000000,
          "N" : 0
        },
        "lat_ns" : {
          "min" : 0,
          "max" : 0,
          "mean" : 0.000000,
          "stddev" : 0.000000,
          "N" : 0
        },
        "bw_min" : 0,
        "bw_max" : 0,
        "bw_agg" : 0.000000,
        "bw_mean" : 0.000000,
        "bw_dev" : 0.000000,
        "bw_samples" : 0,
        "iops_min" : 0,
        "iops_max" : 0,
        "iops_mean" : 0.000000,
        "iops_stddev" : 0.000000,
        "iops_samples" : 0
      },
      "sync" : {
        "total_ios" : 0,
        "lat_ns" : {
          "min" : 0,
          "max" : 0,
          "mean" : 0.000000,
          "stddev" : 0.000000,
          "N" : 0
        }
      },
      "job_runtime" : 2194,
      "usr_cpu" : 21.923428,
      "sys_cpu" : 77.484047,
      "ctx" : 430,
      "majf" : 0,
      "minf" : 134,
      "iodepth_level" : {
        "1" : 0.100000,
        "2" : 0.100000,
        "4" : 0.100000,
        "8" : 0.100000,
        "16" : 0.100000,
        "32" : 0.100000,
        ">=64" : 99.987984
      },
      "iodepth_submit" : {
        "0" : 0.000000,
        "4" : 100.000000,
        "8" : 0.000000,
        "16" : 0.000000,
        "32" : 0.000000,
        "64" : 0.000000,
        ">=64" : 0.000000
      },
      "iodepth_complete" : {
        "0" : 0.000000,
        "4" : 99.999809,
        "8" : 0.000000,
        "16" : 0.000000,
        "32" : 0.000000,
        "64" : 0.000000,
        ">=64" : 0.100000
      },
      "latency_ns" : {
        "2" : 0.000000,
        "4" : 0.000000,
        "10" : 0.000000,
        "20" : 0.000000,
        "50" : 0.000000,
        "100" : 0.000000,
        "250" : 0.000000,
        "500" : 0.000000,
        "750" : 0.000000,
        "1000" : 0.000000
      },
      "latency_us" : {
        "2" : 0.000000,
        "4" : 0.000000,
        "10" : 0.000000,
        "20" : 0.000000,
        "50" : 0.000000,
        "100" : 0.010000,
        "250" : 0.010000,
        "500" : 2.773285,
        "750" : 96.025467,
        "1000" : 0.957870
      },
      "latency_ms" : {
        "2" : 0.223160,
        "4" : 0.011253,
        "10" : 0.000000,
        "20" : 0.000000,
        "50" : 0.000000,
        "100" : 0.000000,
        "250" : 0.000000,
        "500" : 0.000000,
        "750" : 0.000000,
        "1000" : 0.000000,
        "2000" : 0.000000,
        ">=2000" : 0.000000
      },
      "latency_depth" : 128,
      "latency_target" : 0,
      "latency_target_ns" : 0,
      "latency_percentile" : 100.000000,
      "latency_window" : 0,
      "latency_window_us" : 0
    }
  ],
  "disk_util" : [
    {
      "name" : "nvme0n1",
      "read_ios" : 512816,
      "write_ios" : 2,
      "read_sectors" : 4102528,
      "write_sectors" : 104,
      "read_merges" : 0,
      "write_merges" : 11,
      "read_ticks" : 27377,
      "write_ticks" : 1,
      "in_queue" : 27379,
      "util" : 71.148709
    }
  ]
}
