{
  "fio version" : "fio-3.42-29-gd569",
  "timestamp" : 1779502704,
  "timestamp_ms" : 1779502704078,
  "time" : "Sat May 23 11:18:24 2026",
  "jobs" : [
    {
      "jobname" : "seq_read_async",
      "groupid" : 0,
      "job_start" : 1779502703181,
      "error" : 0,
      "eta" : 2147483647,
      "elapsed" : 2,
      "job options" : {
        "name" : "seq_read_async",
        "rw" : "read",
        "ioengine" : "io_uring",
        "iodepth" : "32",
        "direct" : "1",
        "bs" : "128k",
        "size" : "2G",
        "filename" : "testfile.img"
      },
      "read" : {
        "io_bytes" : 2147483648,
        "io_kbytes" : 2097152,
        "bw_bytes" : 2913817704,
        "bw" : 2845525,
        "iops" : 22230.664858,
        "runtime" : 737,
        "total_ios" : 16384,
        "short_ios" : 0,
        "drop_ios" : 0,
        "slat_ns" : {
          "min" : 13744,
          "max" : 1179235,
          "mean" : 15727.191650,
          "stddev" : 9364.607894,
          "N" : 16384
        },
        "clat_ns" : {
          "min" : 699196,
          "max" : 2971015,
          "mean" : 1419464.754517,
          "stddev" : 182456.115092,
          "N" : 16384,
          "percentile" : {
            "1.000000" : 1155072,
            "5.000000" : 1220608,
            "10.000000" : 1253376,
            "20.000000" : 1286144,
            "30.000000" : 1318912,
            "40.000000" : 1335296,
            "50.000000" : 1384448,
            "60.000000" : 1417216,
            "70.000000" : 1466368,
            "80.000000" : 1531904,
            "90.000000" : 1646592,
            "95.000000" : 1761280,
            "99.000000" : 2056192,
            "99.500000" : 2146304,
            "99.900000" : 2441216,
            "99.950000" : 2637824,
            "99.990000" : 2932736
          }
        },
        "lat_ns" : {
          "min" : 737256,
          "max" : 2985810,
          "mean" : 1435191.946167,
          "stddev" : 182521.586319,
          "N" : 16384
        },
        "bw_min" : 2876416,
        "bw_max" : 2876416,
        "bw_agg" : 100.000000,
        "bw_mean" : 2876416.000000,
        "bw_dev" : 0.000000,
        "bw_samples" : 1,
        "iops_min" : 22472,
        "iops_max" : 22472,
        "iops_mean" : 22472.000000,
        "iops_stddev" : 0.000000,
        "iops_samples" : 1
      },
      "write" : {
        "io_bytes" : 0,
        "io_kbytes" : 0,
        "bw_bytes" : 0,
        "bw" : 0,
        "iops" : 0.000000,
        "runtime" : 0,
        "total_ios" : 0,
        "short_ios" : 0,
        "drop_ios" : 0,
        "slat_ns" : {
          "min" : 0,
          "max" : 0,
          "mean" : 0.000000,
          "stddev" : 0.000000,
          "N" : 0
        },
        "clat_ns" : {
          "min" : 0,
          "max" : 0,
          "mean" : 0.000000,
          "stddev" : 0.000000,
          "N" : 0
        },
        "lat_ns" : {
          "min" : 0,
          "max" : 0,
          "mean" : 0.000000,
          "stddev" : 0.000000,
          "N" : 0
        },
        "bw_min" : 0,
        "bw_max" : 0,
        "bw_agg" : 0.000000,
        "bw_mean" : 0.000000,
        "bw_dev" : 0.000000,
        "bw_samples" : 0,
        "iops_min" : 0,
        "iops_max" : 0,
        "iops_mean" : 0.000000,
        "iops_stddev" : 0.000000,
        "iops_samples" : 0
      },
      "trim" : {
        "io_bytes" : 0,
        "io_kbytes" : 0,
        "bw_bytes" : 0,
        "bw" : 0,
        "iops" : 0.000000,
        "runtime" : 0,
        "total_ios" : 0,
        "short_ios" : 0,
        "drop_ios" : 0,
        "slat_ns" : {
          "min" : 0,
          "max" : 0,
          "mean" : 0.000000,
          "stddev" : 0.000000,
          "N" : 0
        },
        "clat_ns" : {
          "min" : 0,
          "max" : 0,
          "mean" : 0.000000,
          "stddev" : 0.000000,
          "N" : 0
        },
        "lat_ns" : {
          "min" : 0,
          "max" : 0,
          "mean" : 0.000000,
          "stddev" : 0.000000,
          "N" : 0
        },
        "bw_min" : 0,
        "bw_max" : 0,
        "bw_agg" : 0.000000,
        "bw_mean" : 0.000000,
        "bw_dev" : 0.000000,
        "bw_samples" : 0,
        "iops_min" : 0,
        "iops_max" : 0,
        "iops_mean" : 0.000000,
        "iops_stddev" : 0.000000,
        "iops_samples" : 0
      },
      "sync" : {
        "total_ios" : 0,
        "lat_ns" : {
          "min" : 0,
          "max" : 0,
          "mean" : 0.000000,
          "stddev" : 0.000000,
          "N" : 0
        }
      },
      "job_runtime" : 736,
      "usr_cpu" : 4.076087,
      "sys_cpu" : 37.771739,
      "ctx" : 12526,
      "majf" : 0,
      "minf" : 1030,
      "iodepth_level" : {
        "1" : 0.100000,
        "2" : 0.100000,
        "4" : 0.100000,
        "8" : 0.100000,
        "16" : 0.100000,
        "32" : 99.810791,
        ">=64" : 0.000000
      },
      "iodepth_submit" : {
        "0" : 0.000000,
        "4" : 100.000000,
        "8" : 0.000000,
        "16" : 0.000000,
        "32" : 0.000000,
        "64" : 0.000000,
        ">=64" : 0.000000
      },
      "iodepth_complete" : {
        "0" : 0.000000,
        "4" : 99.993885,
        "8" : 0.000000,
        "16" : 0.000000,
        "32" : 0.100000,
        "64" : 0.000000,
        ">=64" : 0.000000
      },
      "latency_ns" : {
        "2" : 0.000000,
        "4" : 0.000000,
        "10" : 0.000000,
        "20" : 0.000000,
        "50" : 0.000000,
        "100" : 0.000000,
        "250" : 0.000000,
        "500" : 0.000000,
        "750" : 0.000000,
        "1000" : 0.000000
      },
      "latency_us" : {
        "2" : 0.000000,
        "4" : 0.000000,
        "10" : 0.000000,
        "20" : 0.000000,
        "50" : 0.000000,
        "100" : 0.000000,
        "250" : 0.000000,
        "500" : 0.000000,
        "750" : 0.012207,
        "1000" : 0.091553
      },
      "latency_ms" : {
        "2" : 98.474121,
        "4" : 1.422119,
        "10" : 0.000000,
        "20" : 0.000000,
        "50" : 0.000000,
        "100" : 0.000000,
        "250" : 0.000000,
        "500" : 0.000000,
        "750" : 0.000000,
        "1000" : 0.000000,
        "2000" : 0.000000,
        ">=2000" : 0.000000
      },
      "latency_depth" : 32,
      "latency_target" : 0,
      "latency_target_ns" : 0,
      "latency_percentile" : 100.000000,
      "latency_window" : 0,
      "latency_window_us" : 0
    }
  ],
  "disk_util" : [
    {
      "name" : "nvme0n1",
      "read_ios" : 14390,
      "write_ios" : 0,
      "read_sectors" : 3683592,
      "write_sectors" : 0,
      "read_merges" : 0,
      "write_merges" : 0,
      "read_ticks" : 20397,
      "write_ticks" : 0,
      "in_queue" : 20398,
      "util" : 67.292225
    }
  ]
}
