{
  "fio version" : "fio-3.42-29-gd569",
  "timestamp" : 1779699261,
  "timestamp_ms" : 1779699261080,
  "time" : "Mon May 25 17:54:21 2026",
  "jobs" : [
    {
      "jobname" : "seq_write_async_qd8",
      "groupid" : 0,
      "job_start" : 1779699256183,
      "error" : 0,
      "eta" : 0,
      "elapsed" : 6,
      "job options" : {
        "name" : "seq_write_async_qd8",
        "rw" : "write",
        "ioengine" : "io_uring",
        "iodepth" : "8",
        "direct" : "1",
        "bs" : "4k",
        "size" : "2G",
        "filename" : "testfile.img"
      },
      "read" : {
        "io_bytes" : 0,
        "io_kbytes" : 0,
        "bw_bytes" : 0,
        "bw" : 0,
        "iops" : 0.000000,
        "runtime" : 0,
        "total_ios" : 0,
        "short_ios" : 0,
        "drop_ios" : 0,
        "slat_ns" : {
          "min" : 0,
          "max" : 0,
          "mean" : 0.000000,
          "stddev" : 0.000000,
          "N" : 0
        },
        "clat_ns" : {
          "min" : 0,
          "max" : 0,
          "mean" : 0.000000,
          "stddev" : 0.000000,
          "N" : 0
        },
        "lat_ns" : {
          "min" : 0,
          "max" : 0,
          "mean" : 0.000000,
          "stddev" : 0.000000,
          "N" : 0
        },
        "bw_min" : 0,
        "bw_max" : 0,
        "bw_agg" : 0.000000,
        "bw_mean" : 0.000000,
        "bw_dev" : 0.000000,
        "bw_samples" : 0,
        "iops_min" : 0,
        "iops_max" : 0,
        "iops_mean" : 0.000000,
        "iops_stddev" : 0.000000,
        "iops_samples" : 0
      },
      "write" : {
        "io_bytes" : 2147483648,
        "io_kbytes" : 2097152,
        "bw_bytes" : 462321560,
        "bw" : 451485,
        "iops" : 112871.474704,
        "runtime" : 4645,
        "total_ios" : 524288,
        "short_ios" : 0,
        "drop_ios" : 0,
        "slat_ns" : {
          "min" : 1236,
          "max" : 944635,
          "mean" : 3668.775053,
          "stddev" : 2030.113286,
          "N" : 524288
        },
        "clat_ns" : {
          "min" : 19567,
          "max" : 7329510,
          "mean" : 66796.319923,
          "stddev" : 103167.661877,
          "N" : 524288,
          "percentile" : {
            "1.000000" : 27776,
            "5.000000" : 30848,
            "10.000000" : 38656,
            "20.000000" : 51968,
            "30.000000" : 57600,
            "40.000000" : 61184,
            "50.000000" : 63744,
            "60.000000" : 67072,
            "70.000000" : 70144,
            "80.000000" : 73216,
            "90.000000" : 77312,
            "95.000000" : 85504,
            "99.000000" : 105984,
            "99.500000" : 134144,
            "99.900000" : 1794048,
            "99.950000" : 2342912,
            "99.990000" : 4554752
          }
        },
        "lat_ns" : {
          "min" : 24725,
          "max" : 7332708,
          "mean" : 70465.094976,
          "stddev" : 103138.211275,
          "N" : 524288
        },
        "bw_min" : 391096,
        "bw_max" : 507320,
        "bw_agg" : 99.349947,
        "bw_mean" : 448551.111111,
        "bw_dev" : 40639.006375,
        "bw_samples" : 9,
        "iops_min" : 97774,
        "iops_max" : 126830,
        "iops_mean" : 112137.777778,
        "iops_stddev" : 10159.751594,
        "iops_samples" : 9
      },
      "trim" : {
        "io_bytes" : 0,
        "io_kbytes" : 0,
        "bw_bytes" : 0,
        "bw" : 0,
        "iops" : 0.000000,
        "runtime" : 0,
        "total_ios" : 0,
        "short_ios" : 0,
        "drop_ios" : 0,
        "slat_ns" : {
          "min" : 0,
          "max" : 0,
          "mean" : 0.000000,
          "stddev" : 0.000000,
          "N" : 0
        },
        "clat_ns" : {
          "min" : 0,
          "max" : 0,
          "mean" : 0.000000,
          "stddev" : 0.000000,
          "N" : 0
        },
        "lat_ns" : {
          "min" : 0,
          "max" : 0,
          "mean" : 0.000000,
          "stddev" : 0.000000,
          "N" : 0
        },
        "bw_min" : 0,
        "bw_max" : 0,
        "bw_agg" : 0.000000,
        "bw_mean" : 0.000000,
        "bw_dev" : 0.000000,
        "bw_samples" : 0,
        "iops_min" : 0,
        "iops_max" : 0,
        "iops_mean" : 0.000000,
        "iops_stddev" : 0.000000,
        "iops_samples" : 0
      },
      "sync" : {
        "total_ios" : 0,
        "lat_ns" : {
          "min" : 0,
          "max" : 0,
          "mean" : 0.000000,
          "stddev" : 0.000000,
          "N" : 0
        }
      },
      "job_runtime" : 4644,
      "usr_cpu" : 19.724376,
      "sys_cpu" : 46.920758,
      "ctx" : 267963,
      "majf" : 0,
      "minf" : 6,
      "iodepth_level" : {
        "1" : 0.100000,
        "2" : 0.100000,
        "4" : 0.100000,
        "8" : 99.998665,
        "16" : 0.000000,
        "32" : 0.000000,
        ">=64" : 0.000000
      },
      "iodepth_submit" : {
        "0" : 0.000000,
        "4" : 100.000000,
        "8" : 0.000000,
        "16" : 0.000000,
        "32" : 0.000000,
        "64" : 0.000000,
        ">=64" : 0.000000
      },
      "iodepth_complete" : {
        "0" : 0.000000,
        "4" : 99.999809,
        "8" : 0.100000,
        "16" : 0.000000,
        "32" : 0.000000,
        "64" : 0.000000,
        ">=64" : 0.000000
      },
      "latency_ns" : {
        "2" : 0.000000,
        "4" : 0.000000,
        "10" : 0.000000,
        "20" : 0.000000,
        "50" : 0.000000,
        "100" : 0.000000,
        "250" : 0.000000,
        "500" : 0.000000,
        "750" : 0.000000,
        "1000" : 0.000000
      },
      "latency_us" : {
        "2" : 0.000000,
        "4" : 0.000000,
        "10" : 0.000000,
        "20" : 0.010000,
        "50" : 17.959023,
        "100" : 80.467606,
        "250" : 1.191330,
        "500" : 0.138474,
        "750" : 0.052071,
        "1000" : 0.025558
      },
      "latency_ms" : {
        "2" : 0.080299,
        "4" : 0.070190,
        "10" : 0.015259,
        "20" : 0.000000,
        "50" : 0.000000,
        "100" : 0.000000,
        "250" : 0.000000,
        "500" : 0.000000,
        "750" : 0.000000,
        "1000" : 0.000000,
        "2000" : 0.000000,
        ">=2000" : 0.000000
      },
      "latency_depth" : 8,
      "latency_target" : 0,
      "latency_target_ns" : 0,
      "latency_percentile" : 100.000000,
      "latency_window" : 0,
      "latency_window_us" : 0
    }
  ],
  "disk_util" : [
    {
      "name" : "nvme0n1",
      "read_ios" : 10,
      "write_ios" : 489796,
      "read_sectors" : 440,
      "write_sectors" : 3919216,
      "read_merges" : 30,
      "write_merges" : 10,
      "read_ticks" : 9,
      "write_ticks" : 31883,
      "in_queue" : 31899,
      "util" : 85.494994
    }
  ]
}
