{
  "fio version" : "fio-3.42-29-gd569",
  "timestamp" : 1779700210,
  "timestamp_ms" : 1779700210668,
  "time" : "Mon May 25 18:10:10 2026",
  "jobs" : [
    {
      "jobname" : "seq_to_rand_qd64",
      "groupid" : 0,
      "job_start" : 1779700208271,
      "error" : 0,
      "eta" : 0,
      "elapsed" : 3,
      "job options" : {
        "name" : "seq_to_rand_qd64",
        "rw" : "randread",
        "ioengine" : "io_uring",
        "iodepth" : "64",
        "direct" : "1",
        "bs" : "4k",
        "size" : "2G",
        "filename" : "testfile.img"
      },
      "read" : {
        "io_bytes" : 2147483648,
        "io_kbytes" : 2097152,
        "bw_bytes" : 939817789,
        "bw" : 917790,
        "iops" : 229447.702407,
        "runtime" : 2285,
        "total_ios" : 524288,
        "short_ios" : 0,
        "drop_ios" : 0,
        "slat_ns" : {
          "min" : 2148,
          "max" : 1967809,
          "mean" : 3200.859211,
          "stddev" : 4274.765327,
          "N" : 524288
        },
        "clat_ns" : {
          "min" : 109650,
          "max" : 847162,
          "mean" : 275059.131227,
          "stddev" : 62832.793209,
          "N" : 524288,
          "percentile" : {
            "1.000000" : 168960,
            "5.000000" : 191488,
            "10.000000" : 205824,
            "20.000000" : 222208,
            "30.000000" : 236544,
            "40.000000" : 250880,
            "50.000000" : 264192,
            "60.000000" : 280576,
            "70.000000" : 296960,
            "80.000000" : 321536,
            "90.000000" : 358400,
            "95.000000" : 391168,
            "99.000000" : 468992,
            "99.500000" : 501760,
            "99.900000" : 577536,
            "99.950000" : 618496,
            "99.990000" : 700416
          }
        },
        "lat_ns" : {
          "min" : 113607,
          "max" : 2281755,
          "mean" : 278259.990438,
          "stddev" : 62734.821029,
          "N" : 524288
        },
        "bw_min" : 915032,
        "bw_max" : 922976,
        "bw_agg" : 100.000000,
        "bw_mean" : 919278.000000,
        "bw_dev" : 3295.141474,
        "bw_samples" : 4,
        "iops_min" : 228758,
        "iops_max" : 230744,
        "iops_mean" : 229819.500000,
        "iops_stddev" : 823.785368,
        "iops_samples" : 4
      },
      "write" : {
        "io_bytes" : 0,
        "io_kbytes" : 0,
        "bw_bytes" : 0,
        "bw" : 0,
        "iops" : 0.000000,
        "runtime" : 0,
        "total_ios" : 0,
        "short_ios" : 0,
        "drop_ios" : 0,
        "slat_ns" : {
          "min" : 0,
          "max" : 0,
          "mean" : 0.000000,
          "stddev" : 0.000000,
          "N" : 0
        },
        "clat_ns" : {
          "min" : 0,
          "max" : 0,
          "mean" : 0.000000,
          "stddev" : 0.000000,
          "N" : 0
        },
        "lat_ns" : {
          "min" : 0,
          "max" : 0,
          "mean" : 0.000000,
          "stddev" : 0.000000,
          "N" : 0
        },
        "bw_min" : 0,
        "bw_max" : 0,
        "bw_agg" : 0.000000,
        "bw_mean" : 0.000000,
        "bw_dev" : 0.000000,
        "bw_samples" : 0,
        "iops_min" : 0,
        "iops_max" : 0,
        "iops_mean" : 0.000000,
        "iops_stddev" : 0.000000,
        "iops_samples" : 0
      },
      "trim" : {
        "io_bytes" : 0,
        "io_kbytes" : 0,
        "bw_bytes" : 0,
        "bw" : 0,
        "iops" : 0.000000,
        "runtime" : 0,
        "total_ios" : 0,
        "short_ios" : 0,
        "drop_ios" : 0,
        "slat_ns" : {
          "min" : 0,
          "max" : 0,
          "mean" : 0.000000,
          "stddev" : 0.000000,
          "N" : 0
        },
        "clat_ns" : {
          "min" : 0,
          "max" : 0,
          "mean" : 0.000000,
          "stddev" : 0.000000,
          "N" : 0
        },
        "lat_ns" : {
          "min" : 0,
          "max" : 0,
          "mean" : 0.000000,
          "stddev" : 0.000000,
          "N" : 0
        },
        "bw_min" : 0,
        "bw_max" : 0,
        "bw_agg" : 0.000000,
        "bw_mean" : 0.000000,
        "bw_dev" : 0.000000,
        "bw_samples" : 0,
        "iops_min" : 0,
        "iops_max" : 0,
        "iops_mean" : 0.000000,
        "iops_stddev" : 0.000000,
        "iops_samples" : 0
      },
      "sync" : {
        "total_ios" : 0,
        "lat_ns" : {
          "min" : 0,
          "max" : 0,
          "mean" : 0.000000,
          "stddev" : 0.000000,
          "N" : 0
        }
      },
      "job_runtime" : 2284,
      "usr_cpu" : 23.555166,
      "sys_cpu" : 66.330998,
      "ctx" : 10588,
      "majf" : 0,
      "minf" : 71,
      "iodepth_level" : {
        "1" : 0.100000,
        "2" : 0.100000,
        "4" : 0.100000,
        "8" : 0.100000,
        "16" : 0.100000,
        "32" : 0.100000,
        ">=64" : 99.987984
      },
      "iodepth_submit" : {
        "0" : 0.000000,
        "4" : 100.000000,
        "8" : 0.000000,
        "16" : 0.000000,
        "32" : 0.000000,
        "64" : 0.000000,
        ">=64" : 0.000000
      },
      "iodepth_complete" : {
        "0" : 0.000000,
        "4" : 99.999809,
        "8" : 0.000000,
        "16" : 0.000000,
        "32" : 0.000000,
        "64" : 0.100000,
        ">=64" : 0.000000
      },
      "latency_ns" : {
        "2" : 0.000000,
        "4" : 0.000000,
        "10" : 0.000000,
        "20" : 0.000000,
        "50" : 0.000000,
        "100" : 0.000000,
        "250" : 0.000000,
        "500" : 0.000000,
        "750" : 0.000000,
        "1000" : 0.000000
      },
      "latency_us" : {
        "2" : 0.000000,
        "4" : 0.000000,
        "10" : 0.000000,
        "20" : 0.000000,
        "50" : 0.000000,
        "100" : 0.000000,
        "250" : 39.556122,
        "500" : 59.935188,
        "750" : 0.505638,
        "1000" : 0.010000
      },
      "latency_ms" : {
        "2" : 0.000000,
        "4" : 0.000000,
        "10" : 0.000000,
        "20" : 0.000000,
        "50" : 0.000000,
        "100" : 0.000000,
        "250" : 0.000000,
        "500" : 0.000000,
        "750" : 0.000000,
        "1000" : 0.000000,
        "2000" : 0.000000,
        ">=2000" : 0.000000
      },
      "latency_depth" : 64,
      "latency_target" : 0,
      "latency_target_ns" : 0,
      "latency_percentile" : 100.000000,
      "latency_window" : 0,
      "latency_window_us" : 0
    }
  ],
  "disk_util" : [
    {
      "name" : "nvme0n1",
      "read_ios" : 492611,
      "write_ios" : 0,
      "read_sectors" : 3940888,
      "write_sectors" : 0,
      "read_merges" : 0,
      "write_merges" : 0,
      "read_ticks" : 103418,
      "write_ticks" : 0,
      "in_queue" : 103418,
      "util" : 46.215494
    }
  ]
}
