{
  "fio version" : "fio-3.42-29-gd569",
  "timestamp" : 1779442973,
  "timestamp_ms" : 1779442973203,
  "time" : "Fri May 22 18:42:53 2026",
  "jobs" : [
    {
      "jobname" : "seq_write_sync",
      "groupid" : 0,
      "job_start" : 1779442966807,
      "error" : 0,
      "eta" : 0,
      "elapsed" : 7,
      "job options" : {
        "name" : "seq_write_sync",
        "rw" : "write",
        "ioengine" : "sync",
        "direct" : "1",
        "bs" : "128k",
        "size" : "2G",
        "filename" : "testfile.img"
      },
      "read" : {
        "io_bytes" : 0,
        "io_kbytes" : 0,
        "bw_bytes" : 0,
        "bw" : 0,
        "iops" : 0.000000,
        "runtime" : 0,
        "total_ios" : 0,
        "short_ios" : 0,
        "drop_ios" : 0,
        "slat_ns" : {
          "min" : 0,
          "max" : 0,
          "mean" : 0.000000,
          "stddev" : 0.000000,
          "N" : 0
        },
        "clat_ns" : {
          "min" : 0,
          "max" : 0,
          "mean" : 0.000000,
          "stddev" : 0.000000,
          "N" : 0
        },
        "lat_ns" : {
          "min" : 0,
          "max" : 0,
          "mean" : 0.000000,
          "stddev" : 0.000000,
          "N" : 0
        },
        "bw_min" : 0,
        "bw_max" : 0,
        "bw_agg" : 0.000000,
        "bw_mean" : 0.000000,
        "bw_dev" : 0.000000,
        "bw_samples" : 0,
        "iops_min" : 0,
        "iops_max" : 0,
        "iops_mean" : 0.000000,
        "iops_stddev" : 0.000000,
        "iops_samples" : 0
      },
      "write" : {
        "io_bytes" : 2147483648,
        "io_kbytes" : 2097152,
        "bw_bytes" : 345365655,
        "bw" : 337271,
        "iops" : 2634.930846,
        "runtime" : 6218,
        "total_ios" : 16384,
        "short_ios" : 0,
        "drop_ios" : 0,
        "slat_ns" : {
          "min" : 0,
          "max" : 0,
          "mean" : 0.000000,
          "stddev" : 0.000000,
          "N" : 0
        },
        "clat_ns" : {
          "min" : 81158,
          "max" : 11249851,
          "mean" : 374783.132629,
          "stddev" : 564261.272856,
          "N" : 16384,
          "percentile" : {
            "1.000000" : 85504,
            "5.000000" : 87552,
            "10.000000" : 100864,
            "20.000000" : 130560,
            "30.000000" : 296960,
            "40.000000" : 362496,
            "50.000000" : 407552,
            "60.000000" : 423936,
            "70.000000" : 436224,
            "80.000000" : 452608,
            "90.000000" : 485376,
            "95.000000" : 536576,
            "99.000000" : 856064,
            "99.500000" : 1089536,
            "99.900000" : 10551296,
            "99.950000" : 10813440,
            "99.990000" : 11075584
          }
        },
        "lat_ns" : {
          "min" : 83716,
          "max" : 11253717,
          "mean" : 377970.327942,
          "stddev" : 564240.844535,
          "N" : 16384
        },
        "bw_min" : 280576,
        "bw_max" : 497664,
        "bw_agg" : 100.000000,
        "bw_mean" : 339477.333333,
        "bw_dev" : 76654.520798,
        "bw_samples" : 12,
        "iops_min" : 2192,
        "iops_max" : 3888,
        "iops_mean" : 2652.166667,
        "iops_stddev" : 598.863444,
        "iops_samples" : 12
      },
      "trim" : {
        "io_bytes" : 0,
        "io_kbytes" : 0,
        "bw_bytes" : 0,
        "bw" : 0,
        "iops" : 0.000000,
        "runtime" : 0,
        "total_ios" : 0,
        "short_ios" : 0,
        "drop_ios" : 0,
        "slat_ns" : {
          "min" : 0,
          "max" : 0,
          "mean" : 0.000000,
          "stddev" : 0.000000,
          "N" : 0
        },
        "clat_ns" : {
          "min" : 0,
          "max" : 0,
          "mean" : 0.000000,
          "stddev" : 0.000000,
          "N" : 0
        },
        "lat_ns" : {
          "min" : 0,
          "max" : 0,
          "mean" : 0.000000,
          "stddev" : 0.000000,
          "N" : 0
        },
        "bw_min" : 0,
        "bw_max" : 0,
        "bw_agg" : 0.000000,
        "bw_mean" : 0.000000,
        "bw_dev" : 0.000000,
        "bw_samples" : 0,
        "iops_min" : 0,
        "iops_max" : 0,
        "iops_mean" : 0.000000,
        "iops_stddev" : 0.000000,
        "iops_samples" : 0
      },
      "sync" : {
        "total_ios" : 0,
        "lat_ns" : {
          "min" : 0,
          "max" : 0,
          "mean" : 0.000000,
          "stddev" : 0.000000,
          "N" : 0
        }
      },
      "job_runtime" : 6217,
      "usr_cpu" : 1.930191,
      "sys_cpu" : 8.605437,
      "ctx" : 16385,
      "majf" : 0,
      "minf" : 8,
      "iodepth_level" : {
        "1" : 100.000000,
        "2" : 0.000000,
        "4" : 0.000000,
        "8" : 0.000000,
        "16" : 0.000000,
        "32" : 0.000000,
        ">=64" : 0.000000
      },
      "iodepth_submit" : {
        "0" : 0.000000,
        "4" : 100.000000,
        "8" : 0.000000,
        "16" : 0.000000,
        "32" : 0.000000,
        "64" : 0.000000,
        ">=64" : 0.000000
      },
      "iodepth_complete" : {
        "0" : 0.000000,
        "4" : 100.000000,
        "8" : 0.000000,
        "16" : 0.000000,
        "32" : 0.000000,
        "64" : 0.000000,
        ">=64" : 0.000000
      },
      "latency_ns" : {
        "2" : 0.000000,
        "4" : 0.000000,
        "10" : 0.000000,
        "20" : 0.000000,
        "50" : 0.000000,
        "100" : 0.000000,
        "250" : 0.000000,
        "500" : 0.000000,
        "750" : 0.000000,
        "1000" : 0.000000
      },
      "latency_us" : {
        "2" : 0.000000,
        "4" : 0.000000,
        "10" : 0.000000,
        "20" : 0.000000,
        "50" : 0.000000,
        "100" : 9.832764,
        "250" : 18.133545,
        "500" : 63.531494,
        "750" : 7.189941,
        "1000" : 0.622559
      },
      "latency_ms" : {
        "2" : 0.354004,
        "4" : 0.012207,
        "10" : 0.146484,
        "20" : 0.177002,
        "50" : 0.000000,
        "100" : 0.000000,
        "250" : 0.000000,
        "500" : 0.000000,
        "750" : 0.000000,
        "1000" : 0.000000,
        "2000" : 0.000000,
        ">=2000" : 0.000000
      },
      "latency_depth" : 1,
      "latency_target" : 0,
      "latency_target_ns" : 0,
      "latency_percentile" : 100.000000,
      "latency_window" : 0,
      "latency_window_us" : 0
    }
  ],
  "disk_util" : [
    {
      "name" : "nvme0n1",
      "read_ios" : 0,
      "write_ios" : 16227,
      "read_sectors" : 0,
      "write_sectors" : 4153808,
      "read_merges" : 0,
      "write_merges" : 55,
      "read_ticks" : 0,
      "write_ticks" : 5672,
      "in_queue" : 5676,
      "util" : 87.600128
    }
  ]
}
