{
  "fio version" : "fio-3.42-29-gd569",
  "timestamp" : 1779699768,
  "timestamp_ms" : 1779699768259,
  "time" : "Mon May 25 18:02:48 2026",
  "jobs" : [
    {
      "jobname" : "seq_read_async_qd64",
      "groupid" : 0,
      "job_start" : 1779699765861,
      "error" : 0,
      "eta" : 0,
      "elapsed" : 3,
      "job options" : {
        "name" : "seq_read_async_qd64",
        "rw" : "read",
        "ioengine" : "io_uring",
        "iodepth" : "64",
        "direct" : "1",
        "bs" : "4k",
        "size" : "2G",
        "filename" : "testfile.img"
      },
      "read" : {
        "io_bytes" : 2147483648,
        "io_kbytes" : 2097152,
        "bw_bytes" : 976572827,
        "bw" : 953684,
        "iops" : 238421.100500,
        "runtime" : 2199,
        "total_ios" : 524288,
        "short_ios" : 0,
        "drop_ios" : 0,
        "slat_ns" : {
          "min" : 2134,
          "max" : 903691,
          "mean" : 3787.959528,
          "stddev" : 2382.956524,
          "N" : 524288
        },
        "clat_ns" : {
          "min" : 52075,
          "max" : 1353260,
          "mean" : 264156.522142,
          "stddev" : 35791.449761,
          "N" : 524288,
          "percentile" : {
            "1.000000" : 236544,
            "5.000000" : 242688,
            "10.000000" : 244736,
            "20.000000" : 248832,
            "30.000000" : 252928,
            "40.000000" : 257024,
            "50.000000" : 259072,
            "60.000000" : 261120,
            "70.000000" : 264192,
            "80.000000" : 268288,
            "90.000000" : 276480,
            "95.000000" : 296960,
            "99.000000" : 436224,
            "99.500000" : 464896,
            "99.900000" : 692224,
            "99.950000" : 905216,
            "99.990000" : 1105920
          }
        },
        "lat_ns" : {
          "min" : 54444,
          "max" : 1355672,
          "mean" : 267944.481670,
          "stddev" : 35945.687160,
          "N" : 524288
        },
        "bw_min" : 930688,
        "bw_max" : 969232,
        "bw_agg" : 99.833865,
        "bw_mean" : 952100.000000,
        "bw_dev" : 16790.298786,
        "bw_samples" : 4,
        "iops_min" : 232672,
        "iops_max" : 242308,
        "iops_mean" : 238025.500000,
        "iops_stddev" : 4197.918016,
        "iops_samples" : 4
      },
      "write" : {
        "io_bytes" : 0,
        "io_kbytes" : 0,
        "bw_bytes" : 0,
        "bw" : 0,
        "iops" : 0.000000,
        "runtime" : 0,
        "total_ios" : 0,
        "short_ios" : 0,
        "drop_ios" : 0,
        "slat_ns" : {
          "min" : 0,
          "max" : 0,
          "mean" : 0.000000,
          "stddev" : 0.000000,
          "N" : 0
        },
        "clat_ns" : {
          "min" : 0,
          "max" : 0,
          "mean" : 0.000000,
          "stddev" : 0.000000,
          "N" : 0
        },
        "lat_ns" : {
          "min" : 0,
          "max" : 0,
          "mean" : 0.000000,
          "stddev" : 0.000000,
          "N" : 0
        },
        "bw_min" : 0,
        "bw_max" : 0,
        "bw_agg" : 0.000000,
        "bw_mean" : 0.000000,
        "bw_dev" : 0.000000,
        "bw_samples" : 0,
        "iops_min" : 0,
        "iops_max" : 0,
        "iops_mean" : 0.000000,
        "iops_stddev" : 0.000000,
        "iops_samples" : 0
      },
      "trim" : {
        "io_bytes" : 0,
        "io_kbytes" : 0,
        "bw_bytes" : 0,
        "bw" : 0,
        "iops" : 0.000000,
        "runtime" : 0,
        "total_ios" : 0,
        "short_ios" : 0,
        "drop_ios" : 0,
        "slat_ns" : {
          "min" : 0,
          "max" : 0,
          "mean" : 0.000000,
          "stddev" : 0.000000,
          "N" : 0
        },
        "clat_ns" : {
          "min" : 0,
          "max" : 0,
          "mean" : 0.000000,
          "stddev" : 0.000000,
          "N" : 0
        },
        "lat_ns" : {
          "min" : 0,
          "max" : 0,
          "mean" : 0.000000,
          "stddev" : 0.000000,
          "N" : 0
        },
        "bw_min" : 0,
        "bw_max" : 0,
        "bw_agg" : 0.000000,
        "bw_mean" : 0.000000,
        "bw_dev" : 0.000000,
        "bw_samples" : 0,
        "iops_min" : 0,
        "iops_max" : 0,
        "iops_mean" : 0.000000,
        "iops_stddev" : 0.000000,
        "iops_samples" : 0
      },
      "sync" : {
        "total_ios" : 0,
        "lat_ns" : {
          "min" : 0,
          "max" : 0,
          "mean" : 0.000000,
          "stddev" : 0.000000,
          "N" : 0
        }
      },
      "job_runtime" : 2198,
      "usr_cpu" : 24.431301,
      "sys_cpu" : 74.977252,
      "ctx" : 628,
      "majf" : 0,
      "minf" : 71,
      "iodepth_level" : {
        "1" : 0.100000,
        "2" : 0.100000,
        "4" : 0.100000,
        "8" : 0.100000,
        "16" : 0.100000,
        "32" : 0.100000,
        ">=64" : 99.987984
      },
      "iodepth_submit" : {
        "0" : 0.000000,
        "4" : 100.000000,
        "8" : 0.000000,
        "16" : 0.000000,
        "32" : 0.000000,
        "64" : 0.000000,
        ">=64" : 0.000000
      },
      "iodepth_complete" : {
        "0" : 0.000000,
        "4" : 99.999809,
        "8" : 0.000000,
        "16" : 0.000000,
        "32" : 0.000000,
        "64" : 0.100000,
        ">=64" : 0.000000
      },
      "latency_ns" : {
        "2" : 0.000000,
        "4" : 0.000000,
        "10" : 0.000000,
        "20" : 0.000000,
        "50" : 0.000000,
        "100" : 0.000000,
        "250" : 0.000000,
        "500" : 0.000000,
        "750" : 0.000000,
        "1000" : 0.000000
      },
      "latency_us" : {
        "2" : 0.000000,
        "4" : 0.000000,
        "10" : 0.000000,
        "20" : 0.000000,
        "50" : 0.000000,
        "100" : 0.010000,
        "250" : 21.228600,
        "500" : 78.440475,
        "750" : 0.243378,
        "1000" : 0.056458
      },
      "latency_ms" : {
        "2" : 0.028801,
        "4" : 0.000000,
        "10" : 0.000000,
        "20" : 0.000000,
        "50" : 0.000000,
        "100" : 0.000000,
        "250" : 0.000000,
        "500" : 0.000000,
        "750" : 0.000000,
        "1000" : 0.000000,
        "2000" : 0.000000,
        ">=2000" : 0.000000
      },
      "latency_depth" : 64,
      "latency_target" : 0,
      "latency_target_ns" : 0,
      "latency_percentile" : 100.000000,
      "latency_window" : 0,
      "latency_window_us" : 0
    }
  ],
  "disk_util" : [
    {
      "name" : "nvme0n1",
      "read_ios" : 511717,
      "write_ios" : 2,
      "read_sectors" : 4093736,
      "write_sectors" : 104,
      "read_merges" : 0,
      "write_merges" : 11,
      "read_ticks" : 26415,
      "write_ticks" : 2,
      "in_queue" : 26417,
      "util" : 72.439893
    }
  ]
}
