{
  "fio version" : "fio-3.42-29-gd569",
  "timestamp" : 1779699620,
  "timestamp_ms" : 1779699620352,
  "time" : "Mon May 25 18:00:20 2026",
  "jobs" : [
    {
      "jobname" : "seq_read_async_qd32",
      "groupid" : 0,
      "job_start" : 1779699617956,
      "error" : 0,
      "eta" : 0,
      "elapsed" : 3,
      "job options" : {
        "name" : "seq_read_async_qd32",
        "rw" : "read",
        "ioengine" : "io_uring",
        "iodepth" : "32",
        "direct" : "1",
        "bs" : "4k",
        "size" : "2G",
        "filename" : "testfile.img"
      },
      "read" : {
        "io_bytes" : 2147483648,
        "io_kbytes" : 2097152,
        "bw_bytes" : 962997151,
        "bw" : 940426,
        "iops" : 235106.726457,
        "runtime" : 2230,
        "total_ios" : 524288,
        "short_ios" : 0,
        "drop_ios" : 0,
        "slat_ns" : {
          "min" : 2155,
          "max" : 1148315,
          "mean" : 3774.665295,
          "stddev" : 2536.846727,
          "N" : 524288
        },
        "clat_ns" : {
          "min" : 53637,
          "max" : 966354,
          "mean" : 131875.062983,
          "stddev" : 17070.489835,
          "N" : 524288,
          "percentile" : {
            "1.000000" : 110080,
            "5.000000" : 115200,
            "10.000000" : 118272,
            "20.000000" : 121344,
            "30.000000" : 124416,
            "40.000000" : 127488,
            "50.000000" : 129536,
            "60.000000" : 132096,
            "70.000000" : 136192,
            "80.000000" : 138240,
            "90.000000" : 144384,
            "95.000000" : 150528,
            "99.000000" : 197632,
            "99.500000" : 216064,
            "99.900000" : 280576,
            "99.950000" : 325632,
            "99.990000" : 444416
          }
        },
        "lat_ns" : {
          "min" : 57650,
          "max" : 1311185,
          "mean" : 135649.728277,
          "stddev" : 17271.810896,
          "N" : 524288
        },
        "bw_min" : 940952,
        "bw_max" : 951192,
        "bw_agg" : 100.000000,
        "bw_mean" : 946010.000000,
        "bw_dev" : 4397.295532,
        "bw_samples" : 4,
        "iops_min" : 235238,
        "iops_max" : 237798,
        "iops_mean" : 236502.500000,
        "iops_stddev" : 1099.323883,
        "iops_samples" : 4
      },
      "write" : {
        "io_bytes" : 0,
        "io_kbytes" : 0,
        "bw_bytes" : 0,
        "bw" : 0,
        "iops" : 0.000000,
        "runtime" : 0,
        "total_ios" : 0,
        "short_ios" : 0,
        "drop_ios" : 0,
        "slat_ns" : {
          "min" : 0,
          "max" : 0,
          "mean" : 0.000000,
          "stddev" : 0.000000,
          "N" : 0
        },
        "clat_ns" : {
          "min" : 0,
          "max" : 0,
          "mean" : 0.000000,
          "stddev" : 0.000000,
          "N" : 0
        },
        "lat_ns" : {
          "min" : 0,
          "max" : 0,
          "mean" : 0.000000,
          "stddev" : 0.000000,
          "N" : 0
        },
        "bw_min" : 0,
        "bw_max" : 0,
        "bw_agg" : 0.000000,
        "bw_mean" : 0.000000,
        "bw_dev" : 0.000000,
        "bw_samples" : 0,
        "iops_min" : 0,
        "iops_max" : 0,
        "iops_mean" : 0.000000,
        "iops_stddev" : 0.000000,
        "iops_samples" : 0
      },
      "trim" : {
        "io_bytes" : 0,
        "io_kbytes" : 0,
        "bw_bytes" : 0,
        "bw" : 0,
        "iops" : 0.000000,
        "runtime" : 0,
        "total_ios" : 0,
        "short_ios" : 0,
        "drop_ios" : 0,
        "slat_ns" : {
          "min" : 0,
          "max" : 0,
          "mean" : 0.000000,
          "stddev" : 0.000000,
          "N" : 0
        },
        "clat_ns" : {
          "min" : 0,
          "max" : 0,
          "mean" : 0.000000,
          "stddev" : 0.000000,
          "N" : 0
        },
        "lat_ns" : {
          "min" : 0,
          "max" : 0,
          "mean" : 0.000000,
          "stddev" : 0.000000,
          "N" : 0
        },
        "bw_min" : 0,
        "bw_max" : 0,
        "bw_agg" : 0.000000,
        "bw_mean" : 0.000000,
        "bw_dev" : 0.000000,
        "bw_samples" : 0,
        "iops_min" : 0,
        "iops_max" : 0,
        "iops_mean" : 0.000000,
        "iops_stddev" : 0.000000,
        "iops_samples" : 0
      },
      "sync" : {
        "total_ios" : 0,
        "lat_ns" : {
          "min" : 0,
          "max" : 0,
          "mean" : 0.000000,
          "stddev" : 0.000000,
          "N" : 0
        }
      },
      "job_runtime" : 2229,
      "usr_cpu" : 24.943921,
      "sys_cpu" : 74.652310,
      "ctx" : 475,
      "majf" : 0,
      "minf" : 38,
      "iodepth_level" : {
        "1" : 0.100000,
        "2" : 0.100000,
        "4" : 0.100000,
        "8" : 0.100000,
        "16" : 0.100000,
        "32" : 99.994087,
        ">=64" : 0.000000
      },
      "iodepth_submit" : {
        "0" : 0.000000,
        "4" : 100.000000,
        "8" : 0.000000,
        "16" : 0.000000,
        "32" : 0.000000,
        "64" : 0.000000,
        ">=64" : 0.000000
      },
      "iodepth_complete" : {
        "0" : 0.000000,
        "4" : 99.999809,
        "8" : 0.000000,
        "16" : 0.000000,
        "32" : 0.100000,
        "64" : 0.000000,
        ">=64" : 0.000000
      },
      "latency_ns" : {
        "2" : 0.000000,
        "4" : 0.000000,
        "10" : 0.000000,
        "20" : 0.000000,
        "50" : 0.000000,
        "100" : 0.000000,
        "250" : 0.000000,
        "500" : 0.000000,
        "750" : 0.000000,
        "1000" : 0.000000
      },
      "latency_us" : {
        "2" : 0.000000,
        "4" : 0.000000,
        "10" : 0.000000,
        "20" : 0.000000,
        "50" : 0.000000,
        "100" : 0.118065,
        "250" : 99.684715,
        "500" : 0.189972,
        "750" : 0.010000,
        "1000" : 0.010000
      },
      "latency_ms" : {
        "2" : 0.000000,
        "4" : 0.000000,
        "10" : 0.000000,
        "20" : 0.000000,
        "50" : 0.000000,
        "100" : 0.000000,
        "250" : 0.000000,
        "500" : 0.000000,
        "750" : 0.000000,
        "1000" : 0.000000,
        "2000" : 0.000000,
        ">=2000" : 0.000000
      },
      "latency_depth" : 32,
      "latency_target" : 0,
      "latency_target_ns" : 0,
      "latency_percentile" : 100.000000,
      "latency_window" : 0,
      "latency_window_us" : 0
    }
  ],
  "disk_util" : [
    {
      "name" : "nvme0n1",
      "read_ios" : 505528,
      "write_ios" : 2,
      "read_sectors" : 4044224,
      "write_sectors" : 192,
      "read_merges" : 0,
      "write_merges" : 22,
      "read_ticks" : 24782,
      "write_ticks" : 3,
      "in_queue" : 24788,
      "util" : 70.747996
    }
  ]
}
