{
  "fio version" : "fio-3.42-29-gd569",
  "timestamp" : 1779507187,
  "timestamp_ms" : 1779507187503,
  "time" : "Sat May 23 12:33:07 2026",
  "jobs" : [
    {
      "jobname" : "seq_read_async",
      "groupid" : 0,
      "job_start" : 1779507185606,
      "error" : 0,
      "eta" : 2147483647,
      "elapsed" : 2,
      "job options" : {
        "name" : "seq_read_async",
        "rw" : "read",
        "ioengine" : "io_uring",
        "iodepth" : "32",
        "direct" : "1",
        "bs" : "128k",
        "size" : "5G",
        "filename" : "testfile.img"
      },
      "read" : {
        "io_bytes" : 5368709120,
        "io_kbytes" : 5242880,
        "bw_bytes" : 2886402752,
        "bw" : 2818752,
        "iops" : 22021.505376,
        "runtime" : 1860,
        "total_ios" : 40960,
        "short_ios" : 0,
        "drop_ios" : 0,
        "slat_ns" : {
          "min" : 13720,
          "max" : 147112,
          "mean" : 15931.739697,
          "stddev" : 2980.073825,
          "N" : 40960
        },
        "clat_ns" : {
          "min" : 907445,
          "max" : 4169563,
          "mean" : 1435663.446411,
          "stddev" : 168958.486192,
          "N" : 40960,
          "percentile" : {
            "1.000000" : 1171456,
            "5.000000" : 1236992,
            "10.000000" : 1269760,
            "20.000000" : 1302528,
            "30.000000" : 1351680,
            "40.000000" : 1368064,
            "50.000000" : 1400832,
            "60.000000" : 1433600,
            "70.000000" : 1482752,
            "80.000000" : 1548288,
            "90.000000" : 1630208,
            "95.000000" : 1728512,
            "99.000000" : 1990656,
            "99.500000" : 2113536,
            "99.900000" : 2375680,
            "99.950000" : 3293184,
            "99.990000" : 4014080
          }
        },
        "lat_ns" : {
          "min" : 945211,
          "max" : 4184892,
          "mean" : 1451595.186108,
          "stddev" : 168763.360672,
          "N" : 40960
        },
        "bw_min" : 2802944,
        "bw_max" : 2837248,
        "bw_agg" : 99.935621,
        "bw_mean" : 2816938.666667,
        "bw_dev" : 18002.704389,
        "bw_samples" : 3,
        "iops_min" : 21898,
        "iops_max" : 22166,
        "iops_mean" : 22007.333333,
        "iops_stddev" : 140.646128,
        "iops_samples" : 3
      },
      "write" : {
        "io_bytes" : 0,
        "io_kbytes" : 0,
        "bw_bytes" : 0,
        "bw" : 0,
        "iops" : 0.000000,
        "runtime" : 0,
        "total_ios" : 0,
        "short_ios" : 0,
        "drop_ios" : 0,
        "slat_ns" : {
          "min" : 0,
          "max" : 0,
          "mean" : 0.000000,
          "stddev" : 0.000000,
          "N" : 0
        },
        "clat_ns" : {
          "min" : 0,
          "max" : 0,
          "mean" : 0.000000,
          "stddev" : 0.000000,
          "N" : 0
        },
        "lat_ns" : {
          "min" : 0,
          "max" : 0,
          "mean" : 0.000000,
          "stddev" : 0.000000,
          "N" : 0
        },
        "bw_min" : 0,
        "bw_max" : 0,
        "bw_agg" : 0.000000,
        "bw_mean" : 0.000000,
        "bw_dev" : 0.000000,
        "bw_samples" : 0,
        "iops_min" : 0,
        "iops_max" : 0,
        "iops_mean" : 0.000000,
        "iops_stddev" : 0.000000,
        "iops_samples" : 0
      },
      "trim" : {
        "io_bytes" : 0,
        "io_kbytes" : 0,
        "bw_bytes" : 0,
        "bw" : 0,
        "iops" : 0.000000,
        "runtime" : 0,
        "total_ios" : 0,
        "short_ios" : 0,
        "drop_ios" : 0,
        "slat_ns" : {
          "min" : 0,
          "max" : 0,
          "mean" : 0.000000,
          "stddev" : 0.000000,
          "N" : 0
        },
        "clat_ns" : {
          "min" : 0,
          "max" : 0,
          "mean" : 0.000000,
          "stddev" : 0.000000,
          "N" : 0
        },
        "lat_ns" : {
          "min" : 0,
          "max" : 0,
          "mean" : 0.000000,
          "stddev" : 0.000000,
          "N" : 0
        },
        "bw_min" : 0,
        "bw_max" : 0,
        "bw_agg" : 0.000000,
        "bw_mean" : 0.000000,
        "bw_dev" : 0.000000,
        "bw_samples" : 0,
        "iops_min" : 0,
        "iops_max" : 0,
        "iops_mean" : 0.000000,
        "iops_stddev" : 0.000000,
        "iops_samples" : 0
      },
      "sync" : {
        "total_ios" : 0,
        "lat_ns" : {
          "min" : 0,
          "max" : 0,
          "mean" : 0.000000,
          "stddev" : 0.000000,
          "N" : 0
        }
      },
      "job_runtime" : 1859,
      "usr_cpu" : 3.388919,
      "sys_cpu" : 38.622916,
      "ctx" : 29538,
      "majf" : 0,
      "minf" : 1030,
      "iodepth_level" : {
        "1" : 0.100000,
        "2" : 0.100000,
        "4" : 0.100000,
        "8" : 0.100000,
        "16" : 0.100000,
        "32" : 99.924316,
        ">=64" : 0.000000
      },
      "iodepth_submit" : {
        "0" : 0.000000,
        "4" : 100.000000,
        "8" : 0.000000,
        "16" : 0.000000,
        "32" : 0.000000,
        "64" : 0.000000,
        ">=64" : 0.000000
      },
      "iodepth_complete" : {
        "0" : 0.000000,
        "4" : 99.997557,
        "8" : 0.000000,
        "16" : 0.000000,
        "32" : 0.100000,
        "64" : 0.000000,
        ">=64" : 0.000000
      },
      "latency_ns" : {
        "2" : 0.000000,
        "4" : 0.000000,
        "10" : 0.000000,
        "20" : 0.000000,
        "50" : 0.000000,
        "100" : 0.000000,
        "250" : 0.000000,
        "500" : 0.000000,
        "750" : 0.000000,
        "1000" : 0.000000
      },
      "latency_us" : {
        "2" : 0.000000,
        "4" : 0.000000,
        "10" : 0.000000,
        "20" : 0.000000,
        "50" : 0.000000,
        "100" : 0.000000,
        "250" : 0.000000,
        "500" : 0.000000,
        "750" : 0.000000,
        "1000" : 0.010000
      },
      "latency_ms" : {
        "2" : 99.089355,
        "4" : 0.888672,
        "10" : 0.012207,
        "20" : 0.000000,
        "50" : 0.000000,
        "100" : 0.000000,
        "250" : 0.000000,
        "500" : 0.000000,
        "750" : 0.000000,
        "1000" : 0.000000,
        "2000" : 0.000000,
        ">=2000" : 0.000000
      },
      "latency_depth" : 32,
      "latency_target" : 0,
      "latency_target_ns" : 0,
      "latency_percentile" : 100.000000,
      "latency_window" : 0,
      "latency_window_us" : 0
    }
  ],
  "disk_util" : [
    {
      "name" : "nvme0n1",
      "read_ios" : 36277,
      "write_ios" : 0,
      "read_sectors" : 9286912,
      "write_sectors" : 0,
      "read_merges" : 0,
      "write_merges" : 0,
      "read_ticks" : 52169,
      "write_ticks" : 0,
      "in_queue" : 52169,
      "util" : 72.925014
    }
  ]
}
