{
  "fio version" : "fio-3.42-29-gd569",
  "timestamp" : 1779507258,
  "timestamp_ms" : 1779507258620,
  "time" : "Sat May 23 12:34:18 2026",
  "jobs" : [
    {
      "jobname" : "seq_to_rand",
      "groupid" : 0,
      "job_start" : 1779507248723,
      "error" : 0,
      "eta" : 0,
      "elapsed" : 10,
      "job options" : {
        "name" : "seq_to_rand",
        "rw" : "randread",
        "ioengine" : "io_uring",
        "iodepth" : "32",
        "direct" : "1",
        "bs" : "4k",
        "size" : "5G",
        "filename" : "testfile.img"
      },
      "read" : {
        "io_bytes" : 5368709120,
        "io_kbytes" : 5242880,
        "bw_bytes" : 546377887,
        "bw" : 533572,
        "iops" : 133393.038876,
        "runtime" : 9826,
        "total_ios" : 1310720,
        "short_ios" : 0,
        "drop_ios" : 0,
        "slat_ns" : {
          "min" : 2164,
          "max" : 422457,
          "mean" : 3089.382214,
          "stddev" : 2807.350544,
          "N" : 1310720
        },
        "clat_ns" : {
          "min" : 45617,
          "max" : 3561064,
          "mean" : 236418.231963,
          "stddev" : 63314.531303,
          "N" : 1310720,
          "percentile" : {
            "1.000000" : 119296,
            "5.000000" : 160768,
            "10.000000" : 173056,
            "20.000000" : 187392,
            "30.000000" : 197632,
            "40.000000" : 214016,
            "50.000000" : 234496,
            "60.000000" : 248832,
            "70.000000" : 259072,
            "80.000000" : 272384,
            "90.000000" : 309248,
            "95.000000" : 342016,
            "99.000000" : 411648,
            "99.500000" : 444416,
            "99.900000" : 544768,
            "99.950000" : 634880,
            "99.990000" : 1011712
          }
        },
        "lat_ns" : {
          "min" : 47988,
          "max" : 3563511,
          "mean" : 239507.614178,
          "stddev" : 63108.689719,
          "N" : 1310720
        },
        "bw_min" : 513048,
        "bw_max" : 542424,
        "bw_agg" : 100.000000,
        "bw_mean" : 533805.052632,
        "bw_dev" : 6009.490693,
        "bw_samples" : 19,
        "iops_min" : 128262,
        "iops_max" : 135606,
        "iops_mean" : 133451.263158,
        "iops_stddev" : 1502.372673,
        "iops_samples" : 19
      },
      "write" : {
        "io_bytes" : 0,
        "io_kbytes" : 0,
        "bw_bytes" : 0,
        "bw" : 0,
        "iops" : 0.000000,
        "runtime" : 0,
        "total_ios" : 0,
        "short_ios" : 0,
        "drop_ios" : 0,
        "slat_ns" : {
          "min" : 0,
          "max" : 0,
          "mean" : 0.000000,
          "stddev" : 0.000000,
          "N" : 0
        },
        "clat_ns" : {
          "min" : 0,
          "max" : 0,
          "mean" : 0.000000,
          "stddev" : 0.000000,
          "N" : 0
        },
        "lat_ns" : {
          "min" : 0,
          "max" : 0,
          "mean" : 0.000000,
          "stddev" : 0.000000,
          "N" : 0
        },
        "bw_min" : 0,
        "bw_max" : 0,
        "bw_agg" : 0.000000,
        "bw_mean" : 0.000000,
        "bw_dev" : 0.000000,
        "bw_samples" : 0,
        "iops_min" : 0,
        "iops_max" : 0,
        "iops_mean" : 0.000000,
        "iops_stddev" : 0.000000,
        "iops_samples" : 0
      },
      "trim" : {
        "io_bytes" : 0,
        "io_kbytes" : 0,
        "bw_bytes" : 0,
        "bw" : 0,
        "iops" : 0.000000,
        "runtime" : 0,
        "total_ios" : 0,
        "short_ios" : 0,
        "drop_ios" : 0,
        "slat_ns" : {
          "min" : 0,
          "max" : 0,
          "mean" : 0.000000,
          "stddev" : 0.000000,
          "N" : 0
        },
        "clat_ns" : {
          "min" : 0,
          "max" : 0,
          "mean" : 0.000000,
          "stddev" : 0.000000,
          "N" : 0
        },
        "lat_ns" : {
          "min" : 0,
          "max" : 0,
          "mean" : 0.000000,
          "stddev" : 0.000000,
          "N" : 0
        },
        "bw_min" : 0,
        "bw_max" : 0,
        "bw_agg" : 0.000000,
        "bw_mean" : 0.000000,
        "bw_dev" : 0.000000,
        "bw_samples" : 0,
        "iops_min" : 0,
        "iops_max" : 0,
        "iops_mean" : 0.000000,
        "iops_stddev" : 0.000000,
        "iops_samples" : 0
      },
      "sync" : {
        "total_ios" : 0,
        "lat_ns" : {
          "min" : 0,
          "max" : 0,
          "mean" : 0.000000,
          "stddev" : 0.000000,
          "N" : 0
        }
      },
      "job_runtime" : 9825,
      "usr_cpu" : 14.330789,
      "sys_cpu" : 42.005089,
      "ctx" : 105212,
      "majf" : 0,
      "minf" : 39,
      "iodepth_level" : {
        "1" : 0.100000,
        "2" : 0.100000,
        "4" : 0.100000,
        "8" : 0.100000,
        "16" : 0.100000,
        "32" : 99.997635,
        ">=64" : 0.000000
      },
      "iodepth_submit" : {
        "0" : 0.000000,
        "4" : 100.000000,
        "8" : 0.000000,
        "16" : 0.000000,
        "32" : 0.000000,
        "64" : 0.000000,
        ">=64" : 0.000000
      },
      "iodepth_complete" : {
        "0" : 0.000000,
        "4" : 99.999924,
        "8" : 0.000000,
        "16" : 0.000000,
        "32" : 0.100000,
        "64" : 0.000000,
        ">=64" : 0.000000
      },
      "latency_ns" : {
        "2" : 0.000000,
        "4" : 0.000000,
        "10" : 0.000000,
        "20" : 0.000000,
        "50" : 0.000000,
        "100" : 0.000000,
        "250" : 0.000000,
        "500" : 0.000000,
        "750" : 0.000000,
        "1000" : 0.000000
      },
      "latency_us" : {
        "2" : 0.000000,
        "4" : 0.000000,
        "10" : 0.000000,
        "20" : 0.000000,
        "50" : 0.010000,
        "100" : 0.443115,
        "250" : 60.547104,
        "500" : 38.822098,
        "750" : 0.166321,
        "1000" : 0.010986
      },
      "latency_ms" : {
        "2" : 0.010000,
        "4" : 0.010000,
        "10" : 0.000000,
        "20" : 0.000000,
        "50" : 0.000000,
        "100" : 0.000000,
        "250" : 0.000000,
        "500" : 0.000000,
        "750" : 0.000000,
        "1000" : 0.000000,
        "2000" : 0.000000,
        ">=2000" : 0.000000
      },
      "latency_depth" : 32,
      "latency_target" : 0,
      "latency_target_ns" : 0,
      "latency_percentile" : 100.000000,
      "latency_window" : 0,
      "latency_window_us" : 0
    }
  ],
  "disk_util" : [
    {
      "name" : "nvme0n1",
      "read_ios" : 1286630,
      "write_ios" : 90,
      "read_sectors" : 10293040,
      "write_sectors" : 1496,
      "read_merges" : 0,
      "write_merges" : 108,
      "read_ticks" : 271006,
      "write_ticks" : 37,
      "in_queue" : 271064,
      "util" : 60.699990
    }
  ]
}
