{
  "fio version" : "fio-3.42-29-gd569",
  "timestamp" : 1779700183,
  "timestamp_ms" : 1779700183378,
  "time" : "Mon May 25 18:09:43 2026",
  "jobs" : [
    {
      "jobname" : "seq_to_rand_qd8",
      "groupid" : 0,
      "job_start" : 1779700177482,
      "error" : 0,
      "eta" : 0,
      "elapsed" : 6,
      "job options" : {
        "name" : "seq_to_rand_qd8",
        "rw" : "randread",
        "ioengine" : "io_uring",
        "iodepth" : "8",
        "direct" : "1",
        "bs" : "4k",
        "size" : "2G",
        "filename" : "testfile.img"
      },
      "read" : {
        "io_bytes" : 2147483648,
        "io_kbytes" : 2097152,
        "bw_bytes" : 369936890,
        "bw" : 361266,
        "iops" : 90316.623600,
        "runtime" : 5805,
        "total_ios" : 524288,
        "short_ios" : 0,
        "drop_ios" : 0,
        "slat_ns" : {
          "min" : 2186,
          "max" : 1068296,
          "mean" : 3089.792267,
          "stddev" : 1999.770599,
          "N" : 524288
        },
        "clat_ns" : {
          "min" : 21215,
          "max" : 2395717,
          "mean" : 85010.917160,
          "stddev" : 18626.054532,
          "N" : 524288,
          "percentile" : {
            "1.000000" : 66048,
            "5.000000" : 68096,
            "10.000000" : 69120,
            "20.000000" : 72192,
            "30.000000" : 75264,
            "40.000000" : 78336,
            "50.000000" : 80384,
            "60.000000" : 82432,
            "70.000000" : 86528,
            "80.000000" : 93696,
            "90.000000" : 110080,
            "95.000000" : 120320,
            "99.000000" : 146432,
            "99.500000" : 158720,
            "99.900000" : 185344,
            "99.950000" : 203776,
            "99.990000" : 321536
          }
        },
        "lat_ns" : {
          "min" : 36403,
          "max" : 2399044,
          "mean" : 88100.709427,
          "stddev" : 18680.053087,
          "N" : 524288
        },
        "bw_min" : 358192,
        "bw_max" : 362976,
        "bw_agg" : 100.000000,
        "bw_mean" : 361647.272727,
        "bw_dev" : 1395.120431,
        "bw_samples" : 11,
        "iops_min" : 89548,
        "iops_max" : 90744,
        "iops_mean" : 90411.818182,
        "iops_stddev" : 348.780108,
        "iops_samples" : 11
      },
      "write" : {
        "io_bytes" : 0,
        "io_kbytes" : 0,
        "bw_bytes" : 0,
        "bw" : 0,
        "iops" : 0.000000,
        "runtime" : 0,
        "total_ios" : 0,
        "short_ios" : 0,
        "drop_ios" : 0,
        "slat_ns" : {
          "min" : 0,
          "max" : 0,
          "mean" : 0.000000,
          "stddev" : 0.000000,
          "N" : 0
        },
        "clat_ns" : {
          "min" : 0,
          "max" : 0,
          "mean" : 0.000000,
          "stddev" : 0.000000,
          "N" : 0
        },
        "lat_ns" : {
          "min" : 0,
          "max" : 0,
          "mean" : 0.000000,
          "stddev" : 0.000000,
          "N" : 0
        },
        "bw_min" : 0,
        "bw_max" : 0,
        "bw_agg" : 0.000000,
        "bw_mean" : 0.000000,
        "bw_dev" : 0.000000,
        "bw_samples" : 0,
        "iops_min" : 0,
        "iops_max" : 0,
        "iops_mean" : 0.000000,
        "iops_stddev" : 0.000000,
        "iops_samples" : 0
      },
      "trim" : {
        "io_bytes" : 0,
        "io_kbytes" : 0,
        "bw_bytes" : 0,
        "bw" : 0,
        "iops" : 0.000000,
        "runtime" : 0,
        "total_ios" : 0,
        "short_ios" : 0,
        "drop_ios" : 0,
        "slat_ns" : {
          "min" : 0,
          "max" : 0,
          "mean" : 0.000000,
          "stddev" : 0.000000,
          "N" : 0
        },
        "clat_ns" : {
          "min" : 0,
          "max" : 0,
          "mean" : 0.000000,
          "stddev" : 0.000000,
          "N" : 0
        },
        "lat_ns" : {
          "min" : 0,
          "max" : 0,
          "mean" : 0.000000,
          "stddev" : 0.000000,
          "N" : 0
        },
        "bw_min" : 0,
        "bw_max" : 0,
        "bw_agg" : 0.000000,
        "bw_mean" : 0.000000,
        "bw_dev" : 0.000000,
        "bw_samples" : 0,
        "iops_min" : 0,
        "iops_max" : 0,
        "iops_mean" : 0.000000,
        "iops_stddev" : 0.000000,
        "iops_samples" : 0
      },
      "sync" : {
        "total_ios" : 0,
        "lat_ns" : {
          "min" : 0,
          "max" : 0,
          "mean" : 0.000000,
          "stddev" : 0.000000,
          "N" : 0
        }
      },
      "job_runtime" : 5804,
      "usr_cpu" : 13.921433,
      "sys_cpu" : 34.527912,
      "ctx" : 242790,
      "majf" : 0,
      "minf" : 14,
      "iodepth_level" : {
        "1" : 0.100000,
        "2" : 0.100000,
        "4" : 0.100000,
        "8" : 99.998665,
        "16" : 0.000000,
        "32" : 0.000000,
        ">=64" : 0.000000
      },
      "iodepth_submit" : {
        "0" : 0.000000,
        "4" : 100.000000,
        "8" : 0.000000,
        "16" : 0.000000,
        "32" : 0.000000,
        "64" : 0.000000,
        ">=64" : 0.000000
      },
      "iodepth_complete" : {
        "0" : 0.000000,
        "4" : 99.999809,
        "8" : 0.100000,
        "16" : 0.000000,
        "32" : 0.000000,
        "64" : 0.000000,
        ">=64" : 0.000000
      },
      "latency_ns" : {
        "2" : 0.000000,
        "4" : 0.000000,
        "10" : 0.000000,
        "20" : 0.000000,
        "50" : 0.000000,
        "100" : 0.000000,
        "250" : 0.000000,
        "500" : 0.000000,
        "750" : 0.000000,
        "1000" : 0.000000
      },
      "latency_us" : {
        "2" : 0.000000,
        "4" : 0.000000,
        "10" : 0.000000,
        "20" : 0.000000,
        "50" : 0.070953,
        "100" : 84.703255,
        "250" : 15.196419,
        "500" : 0.025368,
        "750" : 0.010000,
        "1000" : 0.000000
      },
      "latency_ms" : {
        "2" : 0.010000,
        "4" : 0.010000,
        "10" : 0.000000,
        "20" : 0.000000,
        "50" : 0.000000,
        "100" : 0.000000,
        "250" : 0.000000,
        "500" : 0.000000,
        "750" : 0.000000,
        "1000" : 0.000000,
        "2000" : 0.000000,
        ">=2000" : 0.000000
      },
      "latency_depth" : 8,
      "latency_target" : 0,
      "latency_target_ns" : 0,
      "latency_percentile" : 100.000000,
      "latency_window" : 0,
      "latency_window_us" : 0
    }
  ],
  "disk_util" : [
    {
      "name" : "nvme0n1",
      "read_ios" : 510056,
      "write_ios" : 2,
      "read_sectors" : 4080448,
      "write_sectors" : 96,
      "read_merges" : 0,
      "write_merges" : 10,
      "read_ticks" : 41372,
      "write_ticks" : 1,
      "in_queue" : 41374,
      "util" : 70.003482
    }
  ]
}
