{
  "fio version" : "fio-3.42-29-gd569",
  "timestamp" : 1779698892,
  "timestamp_ms" : 1779698892031,
  "time" : "Mon May 25 17:48:12 2026",
  "jobs" : [
    {
      "jobname" : "seq_write_async_qd2",
      "groupid" : 0,
      "job_start" : 1779698875135,
      "error" : 0,
      "eta" : 0,
      "elapsed" : 18,
      "job options" : {
        "name" : "seq_write_async_qd2",
        "rw" : "write",
        "ioengine" : "io_uring",
        "iodepth" : "2",
        "direct" : "1",
        "bs" : "4k",
        "size" : "2G",
        "filename" : "testfile.img"
      },
      "read" : {
        "io_bytes" : 0,
        "io_kbytes" : 0,
        "bw_bytes" : 0,
        "bw" : 0,
        "iops" : 0.000000,
        "runtime" : 0,
        "total_ios" : 0,
        "short_ios" : 0,
        "drop_ios" : 0,
        "slat_ns" : {
          "min" : 0,
          "max" : 0,
          "mean" : 0.000000,
          "stddev" : 0.000000,
          "N" : 0
        },
        "clat_ns" : {
          "min" : 0,
          "max" : 0,
          "mean" : 0.000000,
          "stddev" : 0.000000,
          "N" : 0
        },
        "lat_ns" : {
          "min" : 0,
          "max" : 0,
          "mean" : 0.000000,
          "stddev" : 0.000000,
          "N" : 0
        },
        "bw_min" : 0,
        "bw_max" : 0,
        "bw_agg" : 0.000000,
        "bw_mean" : 0.000000,
        "bw_dev" : 0.000000,
        "bw_samples" : 0,
        "iops_min" : 0,
        "iops_max" : 0,
        "iops_mean" : 0.000000,
        "iops_stddev" : 0.000000,
        "iops_samples" : 0
      },
      "write" : {
        "io_bytes" : 2147483648,
        "io_kbytes" : 2097152,
        "bw_bytes" : 128877371,
        "bw" : 125856,
        "iops" : 31464.202124,
        "runtime" : 16663,
        "total_ios" : 524288,
        "short_ios" : 0,
        "drop_ios" : 0,
        "slat_ns" : {
          "min" : 2361,
          "max" : 939112,
          "mean" : 3439.482212,
          "stddev" : 3745.692484,
          "N" : 524288
        },
        "clat_ns" : {
          "min" : 4216,
          "max" : 4056402,
          "mean" : 59739.748148,
          "stddev" : 77882.927305,
          "N" : 524288,
          "percentile" : {
            "1.000000" : 18560,
            "5.000000" : 20096,
            "10.000000" : 20864,
            "20.000000" : 20864,
            "30.000000" : 21376,
            "40.000000" : 21888,
            "50.000000" : 22144,
            "60.000000" : 22656,
            "70.000000" : 42752,
            "80.000000" : 89600,
            "90.000000" : 160768,
            "95.000000" : 226304,
            "99.000000" : 362496,
            "99.500000" : 432128,
            "99.900000" : 544768,
            "99.950000" : 593920,
            "99.990000" : 757760
          }
        },
        "lat_ns" : {
          "min" : 17561,
          "max" : 4059076,
          "mean" : 63179.230360,
          "stddev" : 78151.814310,
          "N" : 524288
        },
        "bw_min" : 101552,
        "bw_max" : 144192,
        "bw_agg" : 99.989824,
        "bw_mean" : 125844.606061,
        "bw_dev" : 9911.461856,
        "bw_samples" : 33,
        "iops_min" : 25388,
        "iops_max" : 36048,
        "iops_mean" : 31461.151515,
        "iops_stddev" : 2477.865464,
        "iops_samples" : 33
      },
      "trim" : {
        "io_bytes" : 0,
        "io_kbytes" : 0,
        "bw_bytes" : 0,
        "bw" : 0,
        "iops" : 0.000000,
        "runtime" : 0,
        "total_ios" : 0,
        "short_ios" : 0,
        "drop_ios" : 0,
        "slat_ns" : {
          "min" : 0,
          "max" : 0,
          "mean" : 0.000000,
          "stddev" : 0.000000,
          "N" : 0
        },
        "clat_ns" : {
          "min" : 0,
          "max" : 0,
          "mean" : 0.000000,
          "stddev" : 0.000000,
          "N" : 0
        },
        "lat_ns" : {
          "min" : 0,
          "max" : 0,
          "mean" : 0.000000,
          "stddev" : 0.000000,
          "N" : 0
        },
        "bw_min" : 0,
        "bw_max" : 0,
        "bw_agg" : 0.000000,
        "bw_mean" : 0.000000,
        "bw_dev" : 0.000000,
        "bw_samples" : 0,
        "iops_min" : 0,
        "iops_max" : 0,
        "iops_mean" : 0.000000,
        "iops_stddev" : 0.000000,
        "iops_samples" : 0
      },
      "sync" : {
        "total_ios" : 0,
        "lat_ns" : {
          "min" : 0,
          "max" : 0,
          "mean" : 0.000000,
          "stddev" : 0.000000,
          "N" : 0
        }
      },
      "job_runtime" : 16662,
      "usr_cpu" : 5.191454,
      "sys_cpu" : 14.962189,
      "ctx" : 287725,
      "majf" : 0,
      "minf" : 7,
      "iodepth_level" : {
        "1" : 0.100000,
        "2" : 99.999809,
        "4" : 0.000000,
        "8" : 0.000000,
        "16" : 0.000000,
        "32" : 0.000000,
        ">=64" : 0.000000
      },
      "iodepth_submit" : {
        "0" : 0.000000,
        "4" : 100.000000,
        "8" : 0.000000,
        "16" : 0.000000,
        "32" : 0.000000,
        "64" : 0.000000,
        ">=64" : 0.000000
      },
      "iodepth_complete" : {
        "0" : 0.000000,
        "4" : 100.000000,
        "8" : 0.000000,
        "16" : 0.000000,
        "32" : 0.000000,
        "64" : 0.000000,
        ">=64" : 0.000000
      },
      "latency_ns" : {
        "2" : 0.000000,
        "4" : 0.000000,
        "10" : 0.000000,
        "20" : 0.000000,
        "50" : 0.000000,
        "100" : 0.000000,
        "250" : 0.000000,
        "500" : 0.000000,
        "750" : 0.000000,
        "1000" : 0.000000
      },
      "latency_us" : {
        "2" : 0.000000,
        "4" : 0.000000,
        "10" : 0.010000,
        "20" : 4.810715,
        "50" : 65.449333,
        "100" : 14.580727,
        "250" : 12.146568,
        "500" : 2.782822,
        "750" : 0.213051,
        "1000" : 0.010000
      },
      "latency_ms" : {
        "2" : 0.010000,
        "4" : 0.010000,
        "10" : 0.010000,
        "20" : 0.000000,
        "50" : 0.000000,
        "100" : 0.000000,
        "250" : 0.000000,
        "500" : 0.000000,
        "750" : 0.000000,
        "1000" : 0.000000,
        "2000" : 0.000000,
        ">=2000" : 0.000000
      },
      "latency_depth" : 2,
      "latency_target" : 0,
      "latency_target_ns" : 0,
      "latency_percentile" : 100.000000,
      "latency_window" : 0,
      "latency_window_us" : 0
    }
  ],
  "disk_util" : [
    {
      "name" : "nvme0n1",
      "read_ios" : 673,
      "write_ios" : 523891,
      "read_sectors" : 38088,
      "write_sectors" : 4192312,
      "read_merges" : 1674,
      "write_merges" : 151,
      "read_ticks" : 175,
      "write_ticks" : 29111,
      "in_queue" : 29356,
      "util" : 84.807026
    }
  ]
}
