{
  "fio version" : "fio-3.42-29-gd569",
  "timestamp" : 1779699850,
  "timestamp_ms" : 1779699850815,
  "time" : "Mon May 25 18:04:10 2026",
  "jobs" : [
    {
      "jobname" : "seq_write_async_qd128",
      "groupid" : 0,
      "job_start" : 1779699847670,
      "error" : 0,
      "eta" : 0,
      "elapsed" : 4,
      "job options" : {
        "name" : "seq_write_async_qd128",
        "rw" : "write",
        "ioengine" : "io_uring",
        "iodepth" : "128",
        "direct" : "1",
        "bs" : "4k",
        "size" : "2G",
        "filename" : "testfile.img"
      },
      "read" : {
        "io_bytes" : 0,
        "io_kbytes" : 0,
        "bw_bytes" : 0,
        "bw" : 0,
        "iops" : 0.000000,
        "runtime" : 0,
        "total_ios" : 0,
        "short_ios" : 0,
        "drop_ios" : 0,
        "slat_ns" : {
          "min" : 0,
          "max" : 0,
          "mean" : 0.000000,
          "stddev" : 0.000000,
          "N" : 0
        },
        "clat_ns" : {
          "min" : 0,
          "max" : 0,
          "mean" : 0.000000,
          "stddev" : 0.000000,
          "N" : 0
        },
        "lat_ns" : {
          "min" : 0,
          "max" : 0,
          "mean" : 0.000000,
          "stddev" : 0.000000,
          "N" : 0
        },
        "bw_min" : 0,
        "bw_max" : 0,
        "bw_agg" : 0.000000,
        "bw_mean" : 0.000000,
        "bw_dev" : 0.000000,
        "bw_samples" : 0,
        "iops_min" : 0,
        "iops_max" : 0,
        "iops_mean" : 0.000000,
        "iops_stddev" : 0.000000,
        "iops_samples" : 0
      },
      "write" : {
        "io_bytes" : 2147483648,
        "io_kbytes" : 2097152,
        "bw_bytes" : 701792041,
        "bw" : 685343,
        "iops" : 171335.947712,
        "runtime" : 3060,
        "total_ios" : 524288,
        "short_ios" : 0,
        "drop_ios" : 0,
        "slat_ns" : {
          "min" : 915,
          "max" : 11112250,
          "mean" : 5087.056349,
          "stddev" : 19927.089029,
          "N" : 524288
        },
        "clat_ns" : {
          "min" : 328130,
          "max" : 12271538,
          "mean" : 741024.088016,
          "stddev" : 332807.241454,
          "N" : 524288,
          "percentile" : {
            "1.000000" : 432128,
            "5.000000" : 497664,
            "10.000000" : 536576,
            "20.000000" : 593920,
            "30.000000" : 634880,
            "40.000000" : 675840,
            "50.000000" : 708608,
            "60.000000" : 749568,
            "70.000000" : 790528,
            "80.000000" : 839680,
            "90.000000" : 913408,
            "95.000000" : 995328,
            "99.000000" : 1220608,
            "99.500000" : 3489792,
            "99.900000" : 4046848,
            "99.950000" : 4882432,
            "99.990000" : 12124160
          }
        },
        "lat_ns" : {
          "min" : 330641,
          "max" : 12274010,
          "mean" : 746111.144365,
          "stddev" : 333200.156451,
          "N" : 524288
        },
        "bw_min" : 660768,
        "bw_max" : 705904,
        "bw_agg" : 99.981062,
        "bw_mean" : 685214.666667,
        "bw_dev" : 20021.447327,
        "bw_samples" : 6,
        "iops_min" : 165192,
        "iops_max" : 176476,
        "iops_mean" : 171303.666667,
        "iops_stddev" : 5005.361832,
        "iops_samples" : 6
      },
      "trim" : {
        "io_bytes" : 0,
        "io_kbytes" : 0,
        "bw_bytes" : 0,
        "bw" : 0,
        "iops" : 0.000000,
        "runtime" : 0,
        "total_ios" : 0,
        "short_ios" : 0,
        "drop_ios" : 0,
        "slat_ns" : {
          "min" : 0,
          "max" : 0,
          "mean" : 0.000000,
          "stddev" : 0.000000,
          "N" : 0
        },
        "clat_ns" : {
          "min" : 0,
          "max" : 0,
          "mean" : 0.000000,
          "stddev" : 0.000000,
          "N" : 0
        },
        "lat_ns" : {
          "min" : 0,
          "max" : 0,
          "mean" : 0.000000,
          "stddev" : 0.000000,
          "N" : 0
        },
        "bw_min" : 0,
        "bw_max" : 0,
        "bw_agg" : 0.000000,
        "bw_mean" : 0.000000,
        "bw_dev" : 0.000000,
        "bw_samples" : 0,
        "iops_min" : 0,
        "iops_max" : 0,
        "iops_mean" : 0.000000,
        "iops_stddev" : 0.000000,
        "iops_samples" : 0
      },
      "sync" : {
        "total_ios" : 0,
        "lat_ns" : {
          "min" : 0,
          "max" : 0,
          "mean" : 0.000000,
          "stddev" : 0.000000,
          "N" : 0
        }
      },
      "job_runtime" : 3059,
      "usr_cpu" : 21.673750,
      "sys_cpu" : 73.913043,
      "ctx" : 666,
      "majf" : 0,
      "minf" : 6,
      "iodepth_level" : {
        "1" : 0.100000,
        "2" : 0.100000,
        "4" : 0.100000,
        "8" : 0.100000,
        "16" : 0.100000,
        "32" : 0.100000,
        ">=64" : 99.987984
      },
      "iodepth_submit" : {
        "0" : 0.000000,
        "4" : 100.000000,
        "8" : 0.000000,
        "16" : 0.000000,
        "32" : 0.000000,
        "64" : 0.000000,
        ">=64" : 0.000000
      },
      "iodepth_complete" : {
        "0" : 0.000000,
        "4" : 99.999809,
        "8" : 0.000000,
        "16" : 0.000000,
        "32" : 0.000000,
        "64" : 0.000000,
        ">=64" : 0.100000
      },
      "latency_ns" : {
        "2" : 0.000000,
        "4" : 0.000000,
        "10" : 0.000000,
        "20" : 0.000000,
        "50" : 0.000000,
        "100" : 0.000000,
        "250" : 0.000000,
        "500" : 0.000000,
        "750" : 0.000000,
        "1000" : 0.000000
      },
      "latency_us" : {
        "2" : 0.000000,
        "4" : 0.000000,
        "10" : 0.000000,
        "20" : 0.000000,
        "50" : 0.000000,
        "100" : 0.000000,
        "250" : 0.000000,
        "500" : 5.183983,
        "750" : 55.561066,
        "1000" : 34.654999
      },
      "latency_ms" : {
        "2" : 3.940964,
        "4" : 0.551224,
        "10" : 0.083542,
        "20" : 0.024223,
        "50" : 0.000000,
        "100" : 0.000000,
        "250" : 0.000000,
        "500" : 0.000000,
        "750" : 0.000000,
        "1000" : 0.000000,
        "2000" : 0.000000,
        ">=2000" : 0.000000
      },
      "latency_depth" : 128,
      "latency_target" : 0,
      "latency_target_ns" : 0,
      "latency_percentile" : 100.000000,
      "latency_window" : 0,
      "latency_window_us" : 0
    }
  ],
  "disk_util" : [
    {
      "name" : "nvme0n1",
      "read_ios" : 1,
      "write_ios" : 495424,
      "read_sectors" : 8,
      "write_sectors" : 3963392,
      "read_merges" : 0,
      "write_merges" : 0,
      "read_ticks" : 1,
      "write_ticks" : 182472,
      "in_queue" : 182474,
      "util" : 40.300501
    }
  ]
}
