{
  "fio version" : "fio-3.42-29-gd569",
  "timestamp" : 1779700193,
  "timestamp_ms" : 1779700193211,
  "time" : "Mon May 25 18:09:53 2026",
  "jobs" : [
    {
      "jobname" : "seq_to_rand_qd16",
      "groupid" : 0,
      "job_start" : 1779700189709,
      "error" : 0,
      "eta" : 0,
      "elapsed" : 4,
      "job options" : {
        "name" : "seq_to_rand_qd16",
        "rw" : "randread",
        "ioengine" : "io_uring",
        "iodepth" : "16",
        "direct" : "1",
        "bs" : "4k",
        "size" : "2G",
        "filename" : "testfile.img"
      },
      "read" : {
        "io_bytes" : 2147483648,
        "io_kbytes" : 2097152,
        "bw_bytes" : 633102490,
        "bw" : 618264,
        "iops" : 154566.037736,
        "runtime" : 3392,
        "total_ios" : 524288,
        "short_ios" : 0,
        "drop_ios" : 0,
        "slat_ns" : {
          "min" : 2231,
          "max" : 1213970,
          "mean" : 3305.252337,
          "stddev" : 2302.590720,
          "N" : 524288
        },
        "clat_ns" : {
          "min" : 31897,
          "max" : 361162,
          "mean" : 99655.395178,
          "stddev" : 27491.724285,
          "N" : 524288,
          "percentile" : {
            "1.000000" : 67072,
            "5.000000" : 71168,
            "10.000000" : 74240,
            "20.000000" : 79360,
            "30.000000" : 82432,
            "40.000000" : 86528,
            "50.000000" : 90624,
            "60.000000" : 96768,
            "70.000000" : 107008,
            "80.000000" : 118272,
            "90.000000" : 136192,
            "95.000000" : 154624,
            "99.000000" : 193536,
            "99.500000" : 211968,
            "99.900000" : 248832,
            "99.950000" : 264192,
            "99.990000" : 296960
          }
        },
        "lat_ns" : {
          "min" : 34880,
          "max" : 1310739,
          "mean" : 102960.647514,
          "stddev" : 27498.432295,
          "N" : 524288
        },
        "bw_min" : 614152,
        "bw_max" : 621872,
        "bw_agg" : 100.000000,
        "bw_mean" : 618812.000000,
        "bw_dev" : 3615.613254,
        "bw_samples" : 6,
        "iops_min" : 153538,
        "iops_max" : 155468,
        "iops_mean" : 154703.000000,
        "iops_stddev" : 903.903313,
        "iops_samples" : 6
      },
      "write" : {
        "io_bytes" : 0,
        "io_kbytes" : 0,
        "bw_bytes" : 0,
        "bw" : 0,
        "iops" : 0.000000,
        "runtime" : 0,
        "total_ios" : 0,
        "short_ios" : 0,
        "drop_ios" : 0,
        "slat_ns" : {
          "min" : 0,
          "max" : 0,
          "mean" : 0.000000,
          "stddev" : 0.000000,
          "N" : 0
        },
        "clat_ns" : {
          "min" : 0,
          "max" : 0,
          "mean" : 0.000000,
          "stddev" : 0.000000,
          "N" : 0
        },
        "lat_ns" : {
          "min" : 0,
          "max" : 0,
          "mean" : 0.000000,
          "stddev" : 0.000000,
          "N" : 0
        },
        "bw_min" : 0,
        "bw_max" : 0,
        "bw_agg" : 0.000000,
        "bw_mean" : 0.000000,
        "bw_dev" : 0.000000,
        "bw_samples" : 0,
        "iops_min" : 0,
        "iops_max" : 0,
        "iops_mean" : 0.000000,
        "iops_stddev" : 0.000000,
        "iops_samples" : 0
      },
      "trim" : {
        "io_bytes" : 0,
        "io_kbytes" : 0,
        "bw_bytes" : 0,
        "bw" : 0,
        "iops" : 0.000000,
        "runtime" : 0,
        "total_ios" : 0,
        "short_ios" : 0,
        "drop_ios" : 0,
        "slat_ns" : {
          "min" : 0,
          "max" : 0,
          "mean" : 0.000000,
          "stddev" : 0.000000,
          "N" : 0
        },
        "clat_ns" : {
          "min" : 0,
          "max" : 0,
          "mean" : 0.000000,
          "stddev" : 0.000000,
          "N" : 0
        },
        "lat_ns" : {
          "min" : 0,
          "max" : 0,
          "mean" : 0.000000,
          "stddev" : 0.000000,
          "N" : 0
        },
        "bw_min" : 0,
        "bw_max" : 0,
        "bw_agg" : 0.000000,
        "bw_mean" : 0.000000,
        "bw_dev" : 0.000000,
        "bw_samples" : 0,
        "iops_min" : 0,
        "iops_max" : 0,
        "iops_mean" : 0.000000,
        "iops_stddev" : 0.000000,
        "iops_samples" : 0
      },
      "sync" : {
        "total_ios" : 0,
        "lat_ns" : {
          "min" : 0,
          "max" : 0,
          "mean" : 0.000000,
          "stddev" : 0.000000,
          "N" : 0
        }
      },
      "job_runtime" : 3391,
      "usr_cpu" : 22.264819,
      "sys_cpu" : 52.521380,
      "ctx" : 111206,
      "majf" : 0,
      "minf" : 22,
      "iodepth_level" : {
        "1" : 0.100000,
        "2" : 0.100000,
        "4" : 0.100000,
        "8" : 0.100000,
        "16" : 99.997139,
        "32" : 0.000000,
        ">=64" : 0.000000
      },
      "iodepth_submit" : {
        "0" : 0.000000,
        "4" : 100.000000,
        "8" : 0.000000,
        "16" : 0.000000,
        "32" : 0.000000,
        "64" : 0.000000,
        ">=64" : 0.000000
      },
      "iodepth_complete" : {
        "0" : 0.000000,
        "4" : 99.999809,
        "8" : 0.000000,
        "16" : 0.100000,
        "32" : 0.000000,
        "64" : 0.000000,
        ">=64" : 0.000000
      },
      "latency_ns" : {
        "2" : 0.000000,
        "4" : 0.000000,
        "10" : 0.000000,
        "20" : 0.000000,
        "50" : 0.000000,
        "100" : 0.000000,
        "250" : 0.000000,
        "500" : 0.000000,
        "750" : 0.000000,
        "1000" : 0.000000
      },
      "latency_us" : {
        "2" : 0.000000,
        "4" : 0.000000,
        "10" : 0.000000,
        "20" : 0.000000,
        "50" : 0.036812,
        "100" : 63.598061,
        "250" : 36.272240,
        "500" : 0.092888,
        "750" : 0.000000,
        "1000" : 0.000000
      },
      "latency_ms" : {
        "2" : 0.000000,
        "4" : 0.000000,
        "10" : 0.000000,
        "20" : 0.000000,
        "50" : 0.000000,
        "100" : 0.000000,
        "250" : 0.000000,
        "500" : 0.000000,
        "750" : 0.000000,
        "1000" : 0.000000,
        "2000" : 0.000000,
        ">=2000" : 0.000000
      },
      "latency_depth" : 16,
      "latency_target" : 0,
      "latency_target_ns" : 0,
      "latency_percentile" : 100.000000,
      "latency_window" : 0,
      "latency_window_us" : 0
    }
  ],
  "disk_util" : [
    {
      "name" : "nvme0n1",
      "read_ios" : 486332,
      "write_ios" : 0,
      "read_sectors" : 3892080,
      "write_sectors" : 0,
      "read_merges" : 178,
      "write_merges" : 0,
      "read_ticks" : 45053,
      "write_ticks" : 0,
      "in_queue" : 45053,
      "util" : 63.697997
    }
  ]
}
