{
  "fio version" : "fio-3.42-29-gd569",
  "timestamp" : 1779700219,
  "timestamp_ms" : 1779700219388,
  "time" : "Mon May 25 18:10:19 2026",
  "jobs" : [
    {
      "jobname" : "seq_to_rand_qd128",
      "groupid" : 0,
      "job_start" : 1779700216991,
      "error" : 0,
      "eta" : 0,
      "elapsed" : 3,
      "job options" : {
        "name" : "seq_to_rand_qd128",
        "rw" : "randread",
        "ioengine" : "io_uring",
        "iodepth" : "128",
        "direct" : "1",
        "bs" : "4k",
        "size" : "2G",
        "filename" : "testfile.img"
      },
      "read" : {
        "io_bytes" : 2147483648,
        "io_kbytes" : 2097152,
        "bw_bytes" : 994205392,
        "bw" : 970903,
        "iops" : 242725.925926,
        "runtime" : 2160,
        "total_ios" : 524288,
        "short_ios" : 0,
        "drop_ios" : 0,
        "slat_ns" : {
          "min" : 2154,
          "max" : 991231,
          "mean" : 3608.313999,
          "stddev" : 2606.223241,
          "N" : 524288
        },
        "clat_ns" : {
          "min" : 188659,
          "max" : 1404393,
          "mean" : 522901.258516,
          "stddev" : 63244.112198,
          "N" : 524288,
          "percentile" : {
            "1.000000" : 436224,
            "5.000000" : 452608,
            "10.000000" : 460800,
            "20.000000" : 473088,
            "30.000000" : 485376,
            "40.000000" : 493568,
            "50.000000" : 505856,
            "60.000000" : 522240,
            "70.000000" : 536576,
            "80.000000" : 561152,
            "90.000000" : 602112,
            "95.000000" : 643072,
            "99.000000" : 741376,
            "99.500000" : 774144,
            "99.900000" : 856064,
            "99.950000" : 897024,
            "99.990000" : 1003520
          }
        },
        "lat_ns" : {
          "min" : 191060,
          "max" : 1666714,
          "mean" : 526509.572515,
          "stddev" : 63288.894137,
          "N" : 524288
        },
        "bw_min" : 963696,
        "bw_max" : 977304,
        "bw_agg" : 100.000000,
        "bw_mean" : 971478.000000,
        "bw_dev" : 5719.473635,
        "bw_samples" : 4,
        "iops_min" : 240926,
        "iops_max" : 244326,
        "iops_mean" : 242869.500000,
        "iops_stddev" : 1428.956146,
        "iops_samples" : 4
      },
      "write" : {
        "io_bytes" : 0,
        "io_kbytes" : 0,
        "bw_bytes" : 0,
        "bw" : 0,
        "iops" : 0.000000,
        "runtime" : 0,
        "total_ios" : 0,
        "short_ios" : 0,
        "drop_ios" : 0,
        "slat_ns" : {
          "min" : 0,
          "max" : 0,
          "mean" : 0.000000,
          "stddev" : 0.000000,
          "N" : 0
        },
        "clat_ns" : {
          "min" : 0,
          "max" : 0,
          "mean" : 0.000000,
          "stddev" : 0.000000,
          "N" : 0
        },
        "lat_ns" : {
          "min" : 0,
          "max" : 0,
          "mean" : 0.000000,
          "stddev" : 0.000000,
          "N" : 0
        },
        "bw_min" : 0,
        "bw_max" : 0,
        "bw_agg" : 0.000000,
        "bw_mean" : 0.000000,
        "bw_dev" : 0.000000,
        "bw_samples" : 0,
        "iops_min" : 0,
        "iops_max" : 0,
        "iops_mean" : 0.000000,
        "iops_stddev" : 0.000000,
        "iops_samples" : 0
      },
      "trim" : {
        "io_bytes" : 0,
        "io_kbytes" : 0,
        "bw_bytes" : 0,
        "bw" : 0,
        "iops" : 0.000000,
        "runtime" : 0,
        "total_ios" : 0,
        "short_ios" : 0,
        "drop_ios" : 0,
        "slat_ns" : {
          "min" : 0,
          "max" : 0,
          "mean" : 0.000000,
          "stddev" : 0.000000,
          "N" : 0
        },
        "clat_ns" : {
          "min" : 0,
          "max" : 0,
          "mean" : 0.000000,
          "stddev" : 0.000000,
          "N" : 0
        },
        "lat_ns" : {
          "min" : 0,
          "max" : 0,
          "mean" : 0.000000,
          "stddev" : 0.000000,
          "N" : 0
        },
        "bw_min" : 0,
        "bw_max" : 0,
        "bw_agg" : 0.000000,
        "bw_mean" : 0.000000,
        "bw_dev" : 0.000000,
        "bw_samples" : 0,
        "iops_min" : 0,
        "iops_max" : 0,
        "iops_mean" : 0.000000,
        "iops_stddev" : 0.000000,
        "iops_samples" : 0
      },
      "sync" : {
        "total_ios" : 0,
        "lat_ns" : {
          "min" : 0,
          "max" : 0,
          "mean" : 0.000000,
          "stddev" : 0.000000,
          "N" : 0
        }
      },
      "job_runtime" : 2159,
      "usr_cpu" : 27.790644,
      "sys_cpu" : 72.070403,
      "ctx" : 139,
      "majf" : 0,
      "minf" : 135,
      "iodepth_level" : {
        "1" : 0.100000,
        "2" : 0.100000,
        "4" : 0.100000,
        "8" : 0.100000,
        "16" : 0.100000,
        "32" : 0.100000,
        ">=64" : 99.987984
      },
      "iodepth_submit" : {
        "0" : 0.000000,
        "4" : 100.000000,
        "8" : 0.000000,
        "16" : 0.000000,
        "32" : 0.000000,
        "64" : 0.000000,
        ">=64" : 0.000000
      },
      "iodepth_complete" : {
        "0" : 0.000000,
        "4" : 99.999809,
        "8" : 0.000000,
        "16" : 0.000000,
        "32" : 0.000000,
        "64" : 0.000000,
        ">=64" : 0.100000
      },
      "latency_ns" : {
        "2" : 0.000000,
        "4" : 0.000000,
        "10" : 0.000000,
        "20" : 0.000000,
        "50" : 0.000000,
        "100" : 0.000000,
        "250" : 0.000000,
        "500" : 0.000000,
        "750" : 0.000000,
        "1000" : 0.000000
      },
      "latency_us" : {
        "2" : 0.000000,
        "4" : 0.000000,
        "10" : 0.000000,
        "20" : 0.000000,
        "50" : 0.000000,
        "100" : 0.000000,
        "250" : 0.010000,
        "500" : 44.413948,
        "750" : 54.748726,
        "1000" : 0.826645
      },
      "latency_ms" : {
        "2" : 0.010300,
        "4" : 0.000000,
        "10" : 0.000000,
        "20" : 0.000000,
        "50" : 0.000000,
        "100" : 0.000000,
        "250" : 0.000000,
        "500" : 0.000000,
        "750" : 0.000000,
        "1000" : 0.000000,
        "2000" : 0.000000,
        ">=2000" : 0.000000
      },
      "latency_depth" : 128,
      "latency_target" : 0,
      "latency_target_ns" : 0,
      "latency_percentile" : 100.000000,
      "latency_window" : 0,
      "latency_window_us" : 0
    }
  ],
  "disk_util" : [
    {
      "name" : "nvme0n1",
      "read_ios" : 521164,
      "write_ios" : 0,
      "read_sectors" : 4169456,
      "write_sectors" : 0,
      "read_merges" : 0,
      "write_merges" : 0,
      "read_ticks" : 66829,
      "write_ticks" : 0,
      "in_queue" : 66829,
      "util" : 62.600178
    }
  ]
}
