{
  "fio version" : "fio-3.42-29-gd569",
  "timestamp" : 1779700171,
  "timestamp_ms" : 1779700171148,
  "time" : "Mon May 25 18:09:31 2026",
  "jobs" : [
    {
      "jobname" : "seq_to_rand_qd4",
      "groupid" : 0,
      "job_start" : 1779700151634,
      "error" : 0,
      "eta" : 0,
      "elapsed" : 20,
      "job options" : {
        "name" : "seq_to_rand_qd4",
        "rw" : "randread",
        "ioengine" : "io_uring",
        "iodepth" : "4",
        "direct" : "1",
        "bs" : "4k",
        "size" : "2G",
        "filename" : "testfile.img"
      },
      "read" : {
        "io_bytes" : 2147483648,
        "io_kbytes" : 2097152,
        "bw_bytes" : 110116072,
        "bw" : 107535,
        "iops" : 26883.806789,
        "runtime" : 19502,
        "total_ios" : 524288,
        "short_ios" : 0,
        "drop_ios" : 0,
        "slat_ns" : {
          "min" : 2192,
          "max" : 1163625,
          "mean" : 3331.769127,
          "stddev" : 2681.505640,
          "N" : 524288
        },
        "clat_ns" : {
          "min" : 6586,
          "max" : 1052640,
          "mean" : 144898.360025,
          "stddev" : 103289.345865,
          "N" : 524288,
          "percentile" : {
            "1.000000" : 66048,
            "5.000000" : 69120,
            "10.000000" : 71168,
            "20.000000" : 74240,
            "30.000000" : 78336,
            "40.000000" : 81408,
            "50.000000" : 86528,
            "60.000000" : 114176,
            "70.000000" : 154624,
            "80.000000" : 226304,
            "90.000000" : 292864,
            "95.000000" : 362496,
            "99.000000" : 481280,
            "99.500000" : 536576,
            "99.900000" : 675840,
            "99.950000" : 724992,
            "99.990000" : 831488
          }
        },
        "lat_ns" : {
          "min" : 26241,
          "max" : 1246567,
          "mean" : 148230.129152,
          "stddev" : 103481.170593,
          "N" : 524288
        },
        "bw_min" : 75672,
        "bw_max" : 131736,
        "bw_agg" : 99.864020,
        "bw_mean" : 107389.052632,
        "bw_dev" : 13720.883485,
        "bw_samples" : 38,
        "iops_min" : 18918,
        "iops_max" : 32934,
        "iops_mean" : 26847.210526,
        "iops_stddev" : 3430.251036,
        "iops_samples" : 38
      },
      "write" : {
        "io_bytes" : 0,
        "io_kbytes" : 0,
        "bw_bytes" : 0,
        "bw" : 0,
        "iops" : 0.000000,
        "runtime" : 0,
        "total_ios" : 0,
        "short_ios" : 0,
        "drop_ios" : 0,
        "slat_ns" : {
          "min" : 0,
          "max" : 0,
          "mean" : 0.000000,
          "stddev" : 0.000000,
          "N" : 0
        },
        "clat_ns" : {
          "min" : 0,
          "max" : 0,
          "mean" : 0.000000,
          "stddev" : 0.000000,
          "N" : 0
        },
        "lat_ns" : {
          "min" : 0,
          "max" : 0,
          "mean" : 0.000000,
          "stddev" : 0.000000,
          "N" : 0
        },
        "bw_min" : 0,
        "bw_max" : 0,
        "bw_agg" : 0.000000,
        "bw_mean" : 0.000000,
        "bw_dev" : 0.000000,
        "bw_samples" : 0,
        "iops_min" : 0,
        "iops_max" : 0,
        "iops_mean" : 0.000000,
        "iops_stddev" : 0.000000,
        "iops_samples" : 0
      },
      "trim" : {
        "io_bytes" : 0,
        "io_kbytes" : 0,
        "bw_bytes" : 0,
        "bw" : 0,
        "iops" : 0.000000,
        "runtime" : 0,
        "total_ios" : 0,
        "short_ios" : 0,
        "drop_ios" : 0,
        "slat_ns" : {
          "min" : 0,
          "max" : 0,
          "mean" : 0.000000,
          "stddev" : 0.000000,
          "N" : 0
        },
        "clat_ns" : {
          "min" : 0,
          "max" : 0,
          "mean" : 0.000000,
          "stddev" : 0.000000,
          "N" : 0
        },
        "lat_ns" : {
          "min" : 0,
          "max" : 0,
          "mean" : 0.000000,
          "stddev" : 0.000000,
          "N" : 0
        },
        "bw_min" : 0,
        "bw_max" : 0,
        "bw_agg" : 0.000000,
        "bw_mean" : 0.000000,
        "bw_dev" : 0.000000,
        "bw_samples" : 0,
        "iops_min" : 0,
        "iops_max" : 0,
        "iops_mean" : 0.000000,
        "iops_stddev" : 0.000000,
        "iops_samples" : 0
      },
      "sync" : {
        "total_ios" : 0,
        "lat_ns" : {
          "min" : 0,
          "max" : 0,
          "mean" : 0.000000,
          "stddev" : 0.000000,
          "N" : 0
        }
      },
      "job_runtime" : 19501,
      "usr_cpu" : 4.989488,
      "sys_cpu" : 11.717348,
      "ctx" : 262696,
      "majf" : 0,
      "minf" : 10,
      "iodepth_level" : {
        "1" : 0.100000,
        "2" : 0.100000,
        "4" : 99.999428,
        "8" : 0.000000,
        "16" : 0.000000,
        "32" : 0.000000,
        ">=64" : 0.000000
      },
      "iodepth_submit" : {
        "0" : 0.000000,
        "4" : 100.000000,
        "8" : 0.000000,
        "16" : 0.000000,
        "32" : 0.000000,
        "64" : 0.000000,
        ">=64" : 0.000000
      },
      "iodepth_complete" : {
        "0" : 0.000000,
        "4" : 100.000000,
        "8" : 0.000000,
        "16" : 0.000000,
        "32" : 0.000000,
        "64" : 0.000000,
        ">=64" : 0.000000
      },
      "latency_ns" : {
        "2" : 0.000000,
        "4" : 0.000000,
        "10" : 0.000000,
        "20" : 0.000000,
        "50" : 0.000000,
        "100" : 0.000000,
        "250" : 0.000000,
        "500" : 0.000000,
        "750" : 0.000000,
        "1000" : 0.000000
      },
      "latency_us" : {
        "2" : 0.000000,
        "4" : 0.000000,
        "10" : 0.010000,
        "20" : 0.010000,
        "50" : 0.070763,
        "100" : 56.521606,
        "250" : 24.892426,
        "500" : 17.735481,
        "750" : 0.744820,
        "1000" : 0.032616
      },
      "latency_ms" : {
        "2" : 0.010000,
        "4" : 0.000000,
        "10" : 0.000000,
        "20" : 0.000000,
        "50" : 0.000000,
        "100" : 0.000000,
        "250" : 0.000000,
        "500" : 0.000000,
        "750" : 0.000000,
        "1000" : 0.000000,
        "2000" : 0.000000,
        ">=2000" : 0.000000
      },
      "latency_depth" : 4,
      "latency_target" : 0,
      "latency_target_ns" : 0,
      "latency_percentile" : 100.000000,
      "latency_window" : 0,
      "latency_window_us" : 0
    }
  ],
  "disk_util" : [
    {
      "name" : "nvme0n1",
      "read_ios" : 521276,
      "write_ios" : 30,
      "read_sectors" : 4171200,
      "write_sectors" : 688,
      "read_merges" : 112,
      "write_merges" : 54,
      "read_ticks" : 71819,
      "write_ticks" : 19,
      "in_queue" : 71848,
      "util" : 84.910696
    }
  ]
}
