{
  "fio version" : "fio-3.42-29-gd569",
  "timestamp" : 1779698961,
  "timestamp_ms" : 1779698961767,
  "time" : "Mon May 25 17:49:21 2026",
  "jobs" : [
    {
      "jobname" : "seq_read_async_qd2",
      "groupid" : 0,
      "job_start" : 1779698953370,
      "error" : 0,
      "eta" : 0,
      "elapsed" : 9,
      "job options" : {
        "name" : "seq_read_async_qd2",
        "rw" : "read",
        "ioengine" : "io_uring",
        "iodepth" : "2",
        "direct" : "1",
        "bs" : "4k",
        "size" : "2G",
        "filename" : "testfile.img"
      },
      "read" : {
        "io_bytes" : 2147483648,
        "io_kbytes" : 2097152,
        "bw_bytes" : 262882072,
        "bw" : 256720,
        "iops" : 64180.193414,
        "runtime" : 8169,
        "total_ios" : 524288,
        "short_ios" : 0,
        "drop_ios" : 0,
        "slat_ns" : {
          "min" : 2181,
          "max" : 1145888,
          "mean" : 2947.338394,
          "stddev" : 1917.443977,
          "N" : 524288
        },
        "clat_ns" : {
          "min" : 173,
          "max" : 3667905,
          "mean" : 27805.179947,
          "stddev" : 25486.655038,
          "N" : 524288,
          "percentile" : {
            "1.000000" : 20096,
            "5.000000" : 21120,
            "10.000000" : 21888,
            "20.000000" : 22656,
            "30.000000" : 23424,
            "40.000000" : 23680,
            "50.000000" : 23936,
            "60.000000" : 24448,
            "70.000000" : 24704,
            "80.000000" : 24960,
            "90.000000" : 27264,
            "95.000000" : 33024,
            "99.000000" : 150528,
            "99.500000" : 193536,
            "99.900000" : 296960,
            "99.950000" : 333824,
            "99.990000" : 407552
          }
        },
        "lat_ns" : {
          "min" : 20329,
          "max" : 3670870,
          "mean" : 30752.518341,
          "stddev" : 25684.169780,
          "N" : 524288
        },
        "bw_min" : 195248,
        "bw_max" : 292608,
        "bw_agg" : 99.803766,
        "bw_mean" : 256217.000000,
        "bw_dev" : 37699.977478,
        "bw_samples" : 16,
        "iops_min" : 48812,
        "iops_max" : 73152,
        "iops_mean" : 64054.250000,
        "iops_stddev" : 9424.994370,
        "iops_samples" : 16
      },
      "write" : {
        "io_bytes" : 0,
        "io_kbytes" : 0,
        "bw_bytes" : 0,
        "bw" : 0,
        "iops" : 0.000000,
        "runtime" : 0,
        "total_ios" : 0,
        "short_ios" : 0,
        "drop_ios" : 0,
        "slat_ns" : {
          "min" : 0,
          "max" : 0,
          "mean" : 0.000000,
          "stddev" : 0.000000,
          "N" : 0
        },
        "clat_ns" : {
          "min" : 0,
          "max" : 0,
          "mean" : 0.000000,
          "stddev" : 0.000000,
          "N" : 0
        },
        "lat_ns" : {
          "min" : 0,
          "max" : 0,
          "mean" : 0.000000,
          "stddev" : 0.000000,
          "N" : 0
        },
        "bw_min" : 0,
        "bw_max" : 0,
        "bw_agg" : 0.000000,
        "bw_mean" : 0.000000,
        "bw_dev" : 0.000000,
        "bw_samples" : 0,
        "iops_min" : 0,
        "iops_max" : 0,
        "iops_mean" : 0.000000,
        "iops_stddev" : 0.000000,
        "iops_samples" : 0
      },
      "trim" : {
        "io_bytes" : 0,
        "io_kbytes" : 0,
        "bw_bytes" : 0,
        "bw" : 0,
        "iops" : 0.000000,
        "runtime" : 0,
        "total_ios" : 0,
        "short_ios" : 0,
        "drop_ios" : 0,
        "slat_ns" : {
          "min" : 0,
          "max" : 0,
          "mean" : 0.000000,
          "stddev" : 0.000000,
          "N" : 0
        },
        "clat_ns" : {
          "min" : 0,
          "max" : 0,
          "mean" : 0.000000,
          "stddev" : 0.000000,
          "N" : 0
        },
        "lat_ns" : {
          "min" : 0,
          "max" : 0,
          "mean" : 0.000000,
          "stddev" : 0.000000,
          "N" : 0
        },
        "bw_min" : 0,
        "bw_max" : 0,
        "bw_agg" : 0.000000,
        "bw_mean" : 0.000000,
        "bw_dev" : 0.000000,
        "bw_samples" : 0,
        "iops_min" : 0,
        "iops_max" : 0,
        "iops_mean" : 0.000000,
        "iops_stddev" : 0.000000,
        "iops_samples" : 0
      },
      "sync" : {
        "total_ios" : 0,
        "lat_ns" : {
          "min" : 0,
          "max" : 0,
          "mean" : 0.000000,
          "stddev" : 0.000000,
          "N" : 0
        }
      },
      "job_runtime" : 8168,
      "usr_cpu" : 10.210578,
      "sys_cpu" : 26.714006,
      "ctx" : 319362,
      "majf" : 0,
      "minf" : 8,
      "iodepth_level" : {
        "1" : 0.100000,
        "2" : 99.999809,
        "4" : 0.000000,
        "8" : 0.000000,
        "16" : 0.000000,
        "32" : 0.000000,
        ">=64" : 0.000000
      },
      "iodepth_submit" : {
        "0" : 0.000000,
        "4" : 100.000000,
        "8" : 0.000000,
        "16" : 0.000000,
        "32" : 0.000000,
        "64" : 0.000000,
        ">=64" : 0.000000
      },
      "iodepth_complete" : {
        "0" : 0.000000,
        "4" : 100.000000,
        "8" : 0.000000,
        "16" : 0.000000,
        "32" : 0.000000,
        "64" : 0.000000,
        ">=64" : 0.000000
      },
      "latency_ns" : {
        "2" : 0.000000,
        "4" : 0.000000,
        "10" : 0.000000,
        "20" : 0.000000,
        "50" : 0.000000,
        "100" : 0.000000,
        "250" : 0.010000,
        "500" : 0.010000,
        "750" : 0.000000,
        "1000" : 0.000000
      },
      "latency_us" : {
        "2" : 0.000000,
        "4" : 0.010000,
        "10" : 0.010000,
        "20" : 0.708771,
        "50" : 95.636368,
        "100" : 1.779366,
        "250" : 1.530838,
        "500" : 0.332642,
        "750" : 0.010000,
        "1000" : 0.010000
      },
      "latency_ms" : {
        "2" : 0.010000,
        "4" : 0.010000,
        "10" : 0.000000,
        "20" : 0.000000,
        "50" : 0.000000,
        "100" : 0.000000,
        "250" : 0.000000,
        "500" : 0.000000,
        "750" : 0.000000,
        "1000" : 0.000000,
        "2000" : 0.000000,
        ">=2000" : 0.000000
      },
      "latency_depth" : 2,
      "latency_target" : 0,
      "latency_target_ns" : 0,
      "latency_percentile" : 100.000000,
      "latency_window" : 0,
      "latency_window_us" : 0
    }
  ],
  "disk_util" : [
    {
      "name" : "nvme0n1",
      "read_ios" : 522842,
      "write_ios" : 212,
      "read_sectors" : 4191680,
      "write_sectors" : 12976,
      "read_merges" : 486,
      "write_merges" : 114,
      "read_ticks" : 12926,
      "write_ticks" : 48,
      "in_queue" : 12997,
      "util" : 71.867039
    }
  ]
}
