{
  "fio version" : "fio-3.42-29-gd569",
  "timestamp" : 1779698735,
  "timestamp_ms" : 1779698735473,
  "time" : "Mon May 25 17:45:35 2026",
  "jobs" : [
    {
      "jobname" : "seq_read_async_qd1",
      "groupid" : 0,
      "job_start" : 1779698719076,
      "error" : 0,
      "eta" : 0,
      "elapsed" : 17,
      "job options" : {
        "name" : "seq_read_async_qd1",
        "rw" : "read",
        "ioengine" : "io_uring",
        "iodepth" : "1",
        "direct" : "1",
        "bs" : "4k",
        "size" : "2G",
        "filename" : "testfile.img"
      },
      "read" : {
        "io_bytes" : 2147483648,
        "io_kbytes" : 2097152,
        "bw_bytes" : 132226072,
        "bw" : 129127,
        "iops" : 32281.756050,
        "runtime" : 16241,
        "total_ios" : 524288,
        "short_ios" : 0,
        "drop_ios" : 0,
        "slat_ns" : {
          "min" : 2551,
          "max" : 986260,
          "mean" : 3062.721567,
          "stddev" : 1671.749775,
          "N" : 524288
        },
        "clat_ns" : {
          "min" : 875,
          "max" : 5036271,
          "mean" : 27471.288628,
          "stddev" : 24573.171241,
          "N" : 524288,
          "percentile" : {
            "1.000000" : 20864,
            "5.000000" : 21632,
            "10.000000" : 22144,
            "20.000000" : 22400,
            "30.000000" : 22400,
            "40.000000" : 22400,
            "50.000000" : 22912,
            "60.000000" : 26752,
            "70.000000" : 26752,
            "80.000000" : 27008,
            "90.000000" : 28032,
            "95.000000" : 28800,
            "99.000000" : 119296,
            "99.500000" : 195584,
            "99.900000" : 342016,
            "99.950000" : 399360,
            "99.990000" : 440320
          }
        },
        "lat_ns" : {
          "min" : 20084,
          "max" : 5039244,
          "mean" : 30534.010195,
          "stddev" : 24785.421926,
          "N" : 524288
        },
        "bw_min" : 56320,
        "bw_max" : 143304,
        "bw_agg" : 99.912471,
        "bw_mean" : 129014.250000,
        "bw_dev" : 20970.278665,
        "bw_samples" : 32,
        "iops_min" : 14080,
        "iops_max" : 35826,
        "iops_mean" : 32253.562500,
        "iops_stddev" : 5242.569666,
        "iops_samples" : 32
      },
      "write" : {
        "io_bytes" : 0,
        "io_kbytes" : 0,
        "bw_bytes" : 0,
        "bw" : 0,
        "iops" : 0.000000,
        "runtime" : 0,
        "total_ios" : 0,
        "short_ios" : 0,
        "drop_ios" : 0,
        "slat_ns" : {
          "min" : 0,
          "max" : 0,
          "mean" : 0.000000,
          "stddev" : 0.000000,
          "N" : 0
        },
        "clat_ns" : {
          "min" : 0,
          "max" : 0,
          "mean" : 0.000000,
          "stddev" : 0.000000,
          "N" : 0
        },
        "lat_ns" : {
          "min" : 0,
          "max" : 0,
          "mean" : 0.000000,
          "stddev" : 0.000000,
          "N" : 0
        },
        "bw_min" : 0,
        "bw_max" : 0,
        "bw_agg" : 0.000000,
        "bw_mean" : 0.000000,
        "bw_dev" : 0.000000,
        "bw_samples" : 0,
        "iops_min" : 0,
        "iops_max" : 0,
        "iops_mean" : 0.000000,
        "iops_stddev" : 0.000000,
        "iops_samples" : 0
      },
      "trim" : {
        "io_bytes" : 0,
        "io_kbytes" : 0,
        "bw_bytes" : 0,
        "bw" : 0,
        "iops" : 0.000000,
        "runtime" : 0,
        "total_ios" : 0,
        "short_ios" : 0,
        "drop_ios" : 0,
        "slat_ns" : {
          "min" : 0,
          "max" : 0,
          "mean" : 0.000000,
          "stddev" : 0.000000,
          "N" : 0
        },
        "clat_ns" : {
          "min" : 0,
          "max" : 0,
          "mean" : 0.000000,
          "stddev" : 0.000000,
          "N" : 0
        },
        "lat_ns" : {
          "min" : 0,
          "max" : 0,
          "mean" : 0.000000,
          "stddev" : 0.000000,
          "N" : 0
        },
        "bw_min" : 0,
        "bw_max" : 0,
        "bw_agg" : 0.000000,
        "bw_mean" : 0.000000,
        "bw_dev" : 0.000000,
        "bw_samples" : 0,
        "iops_min" : 0,
        "iops_max" : 0,
        "iops_mean" : 0.000000,
        "iops_stddev" : 0.000000,
        "iops_samples" : 0
      },
      "sync" : {
        "total_ios" : 0,
        "lat_ns" : {
          "min" : 0,
          "max" : 0,
          "mean" : 0.000000,
          "stddev" : 0.000000,
          "N" : 0
        }
      },
      "job_runtime" : 16240,
      "usr_cpu" : 5.923645,
      "sys_cpu" : 15.098522,
      "ctx" : 524296,
      "majf" : 0,
      "minf" : 8,
      "iodepth_level" : {
        "1" : 100.000000,
        "2" : 0.000000,
        "4" : 0.000000,
        "8" : 0.000000,
        "16" : 0.000000,
        "32" : 0.000000,
        ">=64" : 0.000000
      },
      "iodepth_submit" : {
        "0" : 0.000000,
        "4" : 100.000000,
        "8" : 0.000000,
        "16" : 0.000000,
        "32" : 0.000000,
        "64" : 0.000000,
        ">=64" : 0.000000
      },
      "iodepth_complete" : {
        "0" : 0.000000,
        "4" : 100.000000,
        "8" : 0.000000,
        "16" : 0.000000,
        "32" : 0.000000,
        "64" : 0.000000,
        ">=64" : 0.000000
      },
      "latency_ns" : {
        "2" : 0.000000,
        "4" : 0.000000,
        "10" : 0.000000,
        "20" : 0.000000,
        "50" : 0.000000,
        "100" : 0.000000,
        "250" : 0.000000,
        "500" : 0.000000,
        "750" : 0.000000,
        "1000" : 0.010000
      },
      "latency_us" : {
        "2" : 0.010000,
        "4" : 0.000000,
        "10" : 0.010000,
        "20" : 0.260353,
        "50" : 96.921349,
        "100" : 1.698303,
        "250" : 0.841522,
        "500" : 0.271988,
        "750" : 0.010000,
        "1000" : 0.000000
      },
      "latency_ms" : {
        "2" : 0.000000,
        "4" : 0.010000,
        "10" : 0.010000,
        "20" : 0.000000,
        "50" : 0.000000,
        "100" : 0.000000,
        "250" : 0.000000,
        "500" : 0.000000,
        "750" : 0.000000,
        "1000" : 0.000000,
        "2000" : 0.000000,
        ">=2000" : 0.000000
      },
      "latency_depth" : 1,
      "latency_target" : 0,
      "latency_target_ns" : 0,
      "latency_percentile" : 100.000000,
      "latency_window" : 0,
      "latency_window_us" : 0
    }
  ],
  "disk_util" : [
    {
      "name" : "nvme0n1",
      "read_ios" : 520952,
      "write_ios" : 89,
      "read_sectors" : 4167656,
      "write_sectors" : 5808,
      "read_merges" : 0,
      "write_merges" : 55,
      "read_ticks" : 13552,
      "write_ticks" : 26,
      "in_queue" : 13586,
      "util" : 80.535714
    }
  ]
}
