{
  "fio version" : "fio-3.42-29-gd569",
  "timestamp" : 1779698398,
  "timestamp_ms" : 1779698398050,
  "time" : "Mon May 25 17:39:58 2026",
  "jobs" : [
    {
      "jobname" : "seq_write_sync",
      "groupid" : 0,
      "job_start" : 1779698256661,
      "error" : 0,
      "eta" : 0,
      "elapsed" : 142,
      "job options" : {
        "name" : "seq_write_sync",
        "rw" : "write",
        "ioengine" : "sync",
        "direct" : "1",
        "bs" : "4k",
        "size" : "2G",
        "filename" : "testfile.img"
      },
      "read" : {
        "io_bytes" : 0,
        "io_kbytes" : 0,
        "bw_bytes" : 0,
        "bw" : 0,
        "iops" : 0.000000,
        "runtime" : 0,
        "total_ios" : 0,
        "short_ios" : 0,
        "drop_ios" : 0,
        "slat_ns" : {
          "min" : 0,
          "max" : 0,
          "mean" : 0.000000,
          "stddev" : 0.000000,
          "N" : 0
        },
        "clat_ns" : {
          "min" : 0,
          "max" : 0,
          "mean" : 0.000000,
          "stddev" : 0.000000,
          "N" : 0
        },
        "lat_ns" : {
          "min" : 0,
          "max" : 0,
          "mean" : 0.000000,
          "stddev" : 0.000000,
          "N" : 0
        },
        "bw_min" : 0,
        "bw_max" : 0,
        "bw_agg" : 0.000000,
        "bw_mean" : 0.000000,
        "bw_dev" : 0.000000,
        "bw_samples" : 0,
        "iops_min" : 0,
        "iops_max" : 0,
        "iops_mean" : 0.000000,
        "iops_stddev" : 0.000000,
        "iops_samples" : 0
      },
      "write" : {
        "io_bytes" : 2147483648,
        "io_kbytes" : 2097152,
        "bw_bytes" : 15209130,
        "bw" : 14852,
        "iops" : 3713.166710,
        "runtime" : 141197,
        "total_ios" : 524288,
        "short_ios" : 0,
        "drop_ios" : 0,
        "slat_ns" : {
          "min" : 0,
          "max" : 0,
          "mean" : 0.000000,
          "stddev" : 0.000000,
          "N" : 0
        },
        "clat_ns" : {
          "min" : 19977,
          "max" : 31317055,
          "mean" : 268411.566200,
          "stddev" : 160857.979889,
          "N" : 524288,
          "percentile" : {
            "1.000000" : 25984,
            "5.000000" : 31872,
            "10.000000" : 77312,
            "20.000000" : 110080,
            "30.000000" : 171008,
            "40.000000" : 228352,
            "50.000000" : 276480,
            "60.000000" : 305152,
            "70.000000" : 350208,
            "80.000000" : 387072,
            "90.000000" : 440320,
            "95.000000" : 509952,
            "99.000000" : 675840,
            "99.500000" : 724992,
            "99.900000" : 864256,
            "99.950000" : 929792,
            "99.990000" : 1138688
          }
        },
        "lat_ns" : {
          "min" : 20039,
          "max" : 31317275,
          "mean" : 268554.658485,
          "stddev" : 160860.014154,
          "N" : 524288
        },
        "bw_min" : 11984,
        "bw_max" : 27904,
        "bw_agg" : 100.000000,
        "bw_mean" : 14863.624113,
        "bw_dev" : 2215.164607,
        "bw_samples" : 282,
        "iops_min" : 2996,
        "iops_max" : 6976,
        "iops_mean" : 3715.904255,
        "iops_stddev" : 553.786521,
        "iops_samples" : 282
      },
      "trim" : {
        "io_bytes" : 0,
        "io_kbytes" : 0,
        "bw_bytes" : 0,
        "bw" : 0,
        "iops" : 0.000000,
        "runtime" : 0,
        "total_ios" : 0,
        "short_ios" : 0,
        "drop_ios" : 0,
        "slat_ns" : {
          "min" : 0,
          "max" : 0,
          "mean" : 0.000000,
          "stddev" : 0.000000,
          "N" : 0
        },
        "clat_ns" : {
          "min" : 0,
          "max" : 0,
          "mean" : 0.000000,
          "stddev" : 0.000000,
          "N" : 0
        },
        "lat_ns" : {
          "min" : 0,
          "max" : 0,
          "mean" : 0.000000,
          "stddev" : 0.000000,
          "N" : 0
        },
        "bw_min" : 0,
        "bw_max" : 0,
        "bw_agg" : 0.000000,
        "bw_mean" : 0.000000,
        "bw_dev" : 0.000000,
        "bw_samples" : 0,
        "iops_min" : 0,
        "iops_max" : 0,
        "iops_mean" : 0.000000,
        "iops_stddev" : 0.000000,
        "iops_samples" : 0
      },
      "sync" : {
        "total_ios" : 0,
        "lat_ns" : {
          "min" : 0,
          "max" : 0,
          "mean" : 0.000000,
          "stddev" : 0.000000,
          "N" : 0
        }
      },
      "job_runtime" : 141196,
      "usr_cpu" : 0.983031,
      "sys_cpu" : 4.085810,
      "ctx" : 524399,
      "majf" : 0,
      "minf" : 7,
      "iodepth_level" : {
        "1" : 100.000000,
        "2" : 0.000000,
        "4" : 0.000000,
        "8" : 0.000000,
        "16" : 0.000000,
        "32" : 0.000000,
        ">=64" : 0.000000
      },
      "iodepth_submit" : {
        "0" : 0.000000,
        "4" : 100.000000,
        "8" : 0.000000,
        "16" : 0.000000,
        "32" : 0.000000,
        "64" : 0.000000,
        ">=64" : 0.000000
      },
      "iodepth_complete" : {
        "0" : 0.000000,
        "4" : 100.000000,
        "8" : 0.000000,
        "16" : 0.000000,
        "32" : 0.000000,
        "64" : 0.000000,
        ">=64" : 0.000000
      },
      "latency_ns" : {
        "2" : 0.000000,
        "4" : 0.000000,
        "10" : 0.000000,
        "20" : 0.000000,
        "50" : 0.000000,
        "100" : 0.000000,
        "250" : 0.000000,
        "500" : 0.000000,
        "750" : 0.000000,
        "1000" : 0.000000
      },
      "latency_us" : {
        "2" : 0.000000,
        "4" : 0.000000,
        "10" : 0.000000,
        "20" : 0.010000,
        "50" : 6.240273,
        "100" : 11.004829,
        "250" : 27.824783,
        "500" : 49.102020,
        "750" : 5.460358,
        "1000" : 0.339890
      },
      "latency_ms" : {
        "2" : 0.024033,
        "4" : 0.010000,
        "10" : 0.010000,
        "20" : 0.000000,
        "50" : 0.010000,
        "100" : 0.000000,
        "250" : 0.000000,
        "500" : 0.000000,
        "750" : 0.000000,
        "1000" : 0.000000,
        "2000" : 0.000000,
        ">=2000" : 0.000000
      },
      "latency_depth" : 1,
      "latency_target" : 0,
      "latency_target_ns" : 0,
      "latency_percentile" : 100.000000,
      "latency_window" : 0,
      "latency_window_us" : 0
    }
  ],
  "disk_util" : [
    {
      "name" : "nvme0n1",
      "read_ios" : 643,
      "write_ios" : 525182,
      "read_sectors" : 5864,
      "write_sectors" : 4250120,
      "read_merges" : 0,
      "write_merges" : 1173,
      "read_ticks" : 201,
      "write_ticks" : 140109,
      "in_queue" : 140635,
      "util" : 94.022502
    }
  ]
}
