{
  "fio version" : "fio-3.42-29-gd569",
  "timestamp" : 1779502684,
  "timestamp_ms" : 1779502684542,
  "time" : "Sat May 23 11:18:04 2026",
  "jobs" : [
    {
      "jobname" : "seq_write_async",
      "groupid" : 0,
      "job_start" : 1779502680398,
      "error" : 0,
      "eta" : 0,
      "elapsed" : 5,
      "job options" : {
        "name" : "seq_write_async",
        "rw" : "write",
        "ioengine" : "io_uring",
        "iodepth" : "32",
        "direct" : "1",
        "bs" : "128k",
        "size" : "2G",
        "filename" : "testfile.img"
      },
      "read" : {
        "io_bytes" : 0,
        "io_kbytes" : 0,
        "bw_bytes" : 0,
        "bw" : 0,
        "iops" : 0.000000,
        "runtime" : 0,
        "total_ios" : 0,
        "short_ios" : 0,
        "drop_ios" : 0,
        "slat_ns" : {
          "min" : 0,
          "max" : 0,
          "mean" : 0.000000,
          "stddev" : 0.000000,
          "N" : 0
        },
        "clat_ns" : {
          "min" : 0,
          "max" : 0,
          "mean" : 0.000000,
          "stddev" : 0.000000,
          "N" : 0
        },
        "lat_ns" : {
          "min" : 0,
          "max" : 0,
          "mean" : 0.000000,
          "stddev" : 0.000000,
          "N" : 0
        },
        "bw_min" : 0,
        "bw_max" : 0,
        "bw_agg" : 0.000000,
        "bw_mean" : 0.000000,
        "bw_dev" : 0.000000,
        "bw_samples" : 0,
        "iops_min" : 0,
        "iops_max" : 0,
        "iops_mean" : 0.000000,
        "iops_stddev" : 0.000000,
        "iops_samples" : 0
      },
      "write" : {
        "io_bytes" : 2147483648,
        "io_kbytes" : 2097152,
        "bw_bytes" : 521613710,
        "bw" : 509388,
        "iops" : 3979.596794,
        "runtime" : 4117,
        "total_ios" : 16384,
        "short_ios" : 0,
        "drop_ios" : 0,
        "slat_ns" : {
          "min" : 2210,
          "max" : 9352636,
          "mean" : 24364.168640,
          "stddev" : 166864.601906,
          "N" : 16384
        },
        "clat_ns" : {
          "min" : 279457,
          "max" : 21002676,
          "mean" : 8015072.971924,
          "stddev" : 3497862.268479,
          "N" : 16384,
          "percentile" : {
            "1.000000" : 1712128,
            "5.000000" : 1794048,
            "10.000000" : 1843200,
            "20.000000" : 6127616,
            "30.000000" : 7045120,
            "40.000000" : 7503872,
            "50.000000" : 7831552,
            "60.000000" : 8028160,
            "70.000000" : 8716288,
            "80.000000" : 11075584,
            "90.000000" : 11993088,
            "95.000000" : 14745600,
            "99.000000" : 16318464,
            "99.500000" : 17170432,
            "99.900000" : 19791872,
            "99.950000" : 20316160,
            "99.990000" : 20840448
          }
        },
        "lat_ns" : {
          "min" : 309331,
          "max" : 21026347,
          "mean" : 8039437.140564,
          "stddev" : 3494418.489778,
          "N" : 16384
        },
        "bw_min" : 440832,
        "bw_max" : 741888,
        "bw_agg" : 100.000000,
        "bw_mean" : 511680.000000,
        "bw_dev" : 109576.181270,
        "bw_samples" : 8,
        "iops_min" : 3444,
        "iops_max" : 5796,
        "iops_mean" : 3997.500000,
        "iops_stddev" : 856.063916,
        "iops_samples" : 8
      },
      "trim" : {
        "io_bytes" : 0,
        "io_kbytes" : 0,
        "bw_bytes" : 0,
        "bw" : 0,
        "iops" : 0.000000,
        "runtime" : 0,
        "total_ios" : 0,
        "short_ios" : 0,
        "drop_ios" : 0,
        "slat_ns" : {
          "min" : 0,
          "max" : 0,
          "mean" : 0.000000,
          "stddev" : 0.000000,
          "N" : 0
        },
        "clat_ns" : {
          "min" : 0,
          "max" : 0,
          "mean" : 0.000000,
          "stddev" : 0.000000,
          "N" : 0
        },
        "lat_ns" : {
          "min" : 0,
          "max" : 0,
          "mean" : 0.000000,
          "stddev" : 0.000000,
          "N" : 0
        },
        "bw_min" : 0,
        "bw_max" : 0,
        "bw_agg" : 0.000000,
        "bw_mean" : 0.000000,
        "bw_dev" : 0.000000,
        "bw_samples" : 0,
        "iops_min" : 0,
        "iops_max" : 0,
        "iops_mean" : 0.000000,
        "iops_stddev" : 0.000000,
        "iops_samples" : 0
      },
      "sync" : {
        "total_ios" : 0,
        "lat_ns" : {
          "min" : 0,
          "max" : 0,
          "mean" : 0.000000,
          "stddev" : 0.000000,
          "N" : 0
        }
      },
      "job_runtime" : 4116,
      "usr_cpu" : 2.186589,
      "sys_cpu" : 8.114674,
      "ctx" : 13515,
      "majf" : 0,
      "minf" : 7,
      "iodepth_level" : {
        "1" : 0.100000,
        "2" : 0.100000,
        "4" : 0.100000,
        "8" : 0.100000,
        "16" : 0.100000,
        "32" : 99.810791,
        ">=64" : 0.000000
      },
      "iodepth_submit" : {
        "0" : 0.000000,
        "4" : 100.000000,
        "8" : 0.000000,
        "16" : 0.000000,
        "32" : 0.000000,
        "64" : 0.000000,
        ">=64" : 0.000000
      },
      "iodepth_complete" : {
        "0" : 0.000000,
        "4" : 99.993885,
        "8" : 0.000000,
        "16" : 0.000000,
        "32" : 0.100000,
        "64" : 0.000000,
        ">=64" : 0.000000
      },
      "latency_ns" : {
        "2" : 0.000000,
        "4" : 0.000000,
        "10" : 0.000000,
        "20" : 0.000000,
        "50" : 0.000000,
        "100" : 0.000000,
        "250" : 0.000000,
        "500" : 0.000000,
        "750" : 0.000000,
        "1000" : 0.000000
      },
      "latency_us" : {
        "2" : 0.000000,
        "4" : 0.000000,
        "10" : 0.000000,
        "20" : 0.000000,
        "50" : 0.000000,
        "100" : 0.000000,
        "250" : 0.000000,
        "500" : 0.042725,
        "750" : 0.061035,
        "1000" : 0.079346
      },
      "latency_ms" : {
        "2" : 12.384033,
        "4" : 0.299072,
        "10" : 62.719727,
        "20" : 24.322510,
        "50" : 0.091553,
        "100" : 0.000000,
        "250" : 0.000000,
        "500" : 0.000000,
        "750" : 0.000000,
        "1000" : 0.000000,
        "2000" : 0.000000,
        ">=2000" : 0.000000
      },
      "latency_depth" : 32,
      "latency_target" : 0,
      "latency_target_ns" : 0,
      "latency_percentile" : 100.000000,
      "latency_window" : 0,
      "latency_window_us" : 0
    }
  ],
  "disk_util" : [
    {
      "name" : "nvme0n1",
      "read_ios" : 109,
      "write_ios" : 15685,
      "read_sectors" : 2832,
      "write_sectors" : 4009400,
      "read_merges" : 237,
      "write_merges" : 59,
      "read_ticks" : 131,
      "write_ticks" : 123442,
      "in_queue" : 123605,
      "util" : 89.734602
    }
  ]
}
